Business_id,Login_Date,Sales_Amount,Advanced_Amount,GST_Amount,Payment_mode
DMBK3349,07-07-2021,11300,11300,2034,Cash
TEBP11844,04-01-2023,8000,8000,1440,Online
SMBD10193,20-11-2019,22000,22000,3960,Online
SMBD10193,20-11-2019,22000,22000,3960,Online
NNND7609,21-08-2020,15000,7000,2700,Cheque
MANM6358,19-01-2023,9440,8000,1699.2,Online
SENV10260,13-03-2020,5900,5000,1062,Cheque
SMNV10921,13-12-2019,14160,5932,2548.8,No Data
SMNV10921,28-12-2019,14160,6068,2548.8,No Data
SMNV10921,13-12-2019,14160,5932,2548.8,Cash/ Cheque
SMNV10921,28-12-2019,14160,6068,2548.8,Cash/ Cheque
SMNV10921,13-12-2019,14160,5932,2548.8,Cash
SMNV10921,28-12-2019,14160,6068,2548.8,Cash
ADAV116,25-11-2019,5000,5000,900,Cheque 
ADAV116,25-11-2019,5000,5000,900,Cheque
ABAP116,25-11-2019,5000,5000,900,Cheque
AMND810,29-10-2022,15000,15000,2700,Cash
AMND810,29-11-2022,0,0,0,No Data
AEBP409,26-12-2019,7080,6000,1274.4,Cheque
AEBP409,26-12-2019,7080,6000,1274.4,Cheque
AEBP409,26-12-2019,7080,6000,1274.4,Cheque
APYM989,19-08-2023,11800,11800,2124,Cash
ATbD1140,22-08-2023,15000,15000,2700,Cheque
ABNS153,03-03-2020,6500,6500,1170,Cheque
AENR459,29-09-2019,7080,6000,1274.4,Cheque
AHBP630,30-06-2023,4000,4000,720,No Data
ACNP283,28-11-2019,8000,8000,1440,Cheque 
ACND283,28-11-2019,8000,8000,1440,Cheque
ACND283,28-11-2019,8000,8000,1440,Cheque
ARNA1013,24-12-2019,17700,10000,3186,Cheque
ARNR1013,24-12-2019,17700,10000,3186,Cheque
AEAJ379,22-08-2019,14160,12000,2548.8,Cheque
AHCV652,10-08-2023,15000,15000,2700,Cheque
ARCV1007,20-04-2019,10000,10000,1800,Cheque
ACIS277,11-01-2020,12000,6000,2160,Cheque
AOIA869,11-01-2020,12000,6000,2160,Cheque
AHNR689,24-07-2019,5000,5000,900,Cash
AENA438,25-07-2019,7080,6000,1274.4,Online
AENA439,27-01-2023,0,0,0,No Data
AANG95,07-12-2019,8000,8000,1440,Cheque
AANG95,07-12-2019,8000,8000,1440,Cheque
AANG95,07-12-2019,8000,8000,1440,Cheque
ACNA278,15-12-2022,12000,6000,2160,Cash
AHNR690,26-11-2019,11800,11800,2124,Cheque
AHNR690,26-11-2019,11800,11800,2124,Cheque
AWNS1219,17-12-2019,31860,27000,5734.8,Cheque
AWNS1219,17-12-2019,31860,27000,5734.8,Cheque
AWNS1219,17-12-2019,31860,27000,5734.8,Cheque
ALBP761,04-02-2023,14160,12000,2548.8,Cheque
AWNS870,17-12-2019,31860,27000,5734.8,Cheque
AONA870,17-12-2019,31860,27000,5734.8,Cheque
AONA870,17-12-2019,31860,27000,5734.8,Cheque
APCR359,05-12-2022,8000,8000,1440,cheque
ACNM297,20-12-2019,29500,29500,5310,Cheque
ASNG297,20-12-2019,29500,29500,5310,Cheque
ASNG297,20-12-2019,29500,29500,5310,Cheque
ACBM224,14-07-2021,11800,11800,2124,Cash
APNJ691,30-03-2023,10000,10000,1800,Cheque
AHNM310,10-01-2020,9000,9000,1620,Cash
ACNR310,10-01-2020,9000,9000,1620,Cash
APNV823,17-12-2019,11800,11800,2124,Cheque
AMNR823,17-12-2019,11800,11800,2124,Cheque
AMNR823,17-12-2019,11800,11800,2124,Cheque
AANR102,19-08-2019,9000,7627,1620,Cheque
AECV141,21-04-2023,14160,12000,2548.8,Cheque
ACBS239,14-07-2023,12000,12000,2160,Cheque
AAAV7,06-12-2019,31000,31000,5580,Cheque
ALAN7,06-12-2019,31000,31000,5580,Cheque
AAAN7,06-12-2019,31000,31000,5580,Cheque
AAAG1,09-12-2019,6500,6500,1170,Cheque
AAAG1,09-12-2019,6500,6500,1170,Cheque
AAAG1,09-12-2019,6500,6500,1170,Cheque
AAAV25,07-11-2019,14160,7160,2548.8,Cheque 
AAAV25,07-11-2019,14160,7160,2548.8,Cheque
AAAV25,07-11-2019,14160,7160,2548.8,Cheque
AHYP704,19-07-2023,11800,2000,2124,Cash
AANJ100,20-09-2019,5900,5000,1062,Cheque 
AANM101,09-12-2019,9440,9440,1699.2,Cheque
AANM101,09-12-2019,9440,9440,1699.2,Cheque
MANR111,09-12-2019,9440,9440,1699.2,Cheque
AANA82,03-10-2019,17700,17700,3186,Cheque 
AGBM538,20-01-2020,14160,12000,2548.8,Cheque
AGBM538,20-01-2020,14160,12000,2548.8,Cheque
ACBD211,31-05-2019,10000,5000,1800,Cheque
AFWD519,22-02-2023,5900,5900,1062,Online
ADNR373,26-12-2019,9440,9440,1699.2,Cheque
ADNR373,26-12-2019,9440,9440,1699.2,Cheque
ADNM373,26-12-2019,9440,9440,1699.2,Cheque
AMNC809,08-10-2020,10000,8475,1800,Cheque 
AEBD404,16-10-2019,22000,22000,3960,Cheque  
ACBM225,12-11-2019,12000,6000,2160,Cash
ACBM225,07-01-2020,12000,6000,2160,Cash
ACBM225,12-11-2019,12000,6000,2160,Cash
ACBM225,12-11-2019,12000,6000,2160,Cash
ACBM225,07-01-2020,12000,6000,2160,Cash
AKCV251,16-12-2022,10000,10000,1800,cheque
AEYV467,28-08-2023,11800,10000,2124,Cheque
AEYV467,29-10-2023,11800,10000,2124,Online
AENR461,22-07-2019,11800,5000,2124,Cheque
AENR461,13-09-2019,11800,5900,2124,Cheque 
AHBD609,31-07-2019,10000,4237,1800,Cheque
ACNP303,25-02-2020,15500,15500,2790,Cheque
APNS977,11-04-2023,7000,7000,1260,Cheque
ACNC282,01-10-2020,6000,0,1080,Cheque 
AANG96,03-01-2022,14880,14880,2678.4,Online
ARCV1009,22-06-2019,8000,8000,1440,Cheque
ANNR852,01-10-2019,12000,12000,2160,Cheque 
AEAP387,04-03-2023,13000,13000,2340,Cheque
AFAP476,03-03-2023,15000,15000,2700,Cheque
AFAP476,20-03-2023,7000,7000,1260,Cheque
ARNS1025,29-11-2019,17700,7500,3186,Cheque
ARNS1025,29-11-2019,17700,7500,3186,Cheque
ARNS1025,29-11-2019,17700,7500,3186,Cheque
AFNG510,15-05-2023,15340,13000,2761.2,Cash
AENR464,28-06-2019,10000,10000,1800,Cheque
ACWA319,08-07-2019,17700,10000,3186,Cheque
APWA986,08-07-2019,0,0,0,Cheque
APWG988,14-04-2022,7000,7000,1260,Cash
AMAP784,17-03-2023,15000,12712,2700,Cheque
AFBD489,27-05-2019,9000,4500,1620,Cash
AJBP737,18-11-2019,5500,4661,990,Cheque 
AJBP737,18-11-2019,5500,4661,990,Cheque
AJBP737,18-11-2019,5500,4661,990,Cheque
AEAP388,05-04-2023,8000,8000,1440,Cash
AING724,17-05-2019,35400,17700,6372,Cash
ATBM1147,11-05-2023,6000,6000,1080,Cheque
ASCV1091,20-09-2022,13900,11780,2502,cheque
AMAJ775,02-10-2019,17700,17700,3186,Cheque 
AHAP583,23-02-2023,10000,10000,1800,Online
ABCP137,31-10-2023,10000,10000,1800,Cash
AANG97,01-02-2023,94400,32000,16992,Online
AANG97,16-06-2023,14160,12000,2548.8,Online
AANG97,21-10-2023,14160,12000,2548.8,Online
AHPS701,10-01-2023,11000,11000,1980,Cash
AHPS701,15-02-2023,11000,11000,1980,Cash
AHPS701,11-05-2023,11000,11000,1980,Online
AHNG680,02-02-2023,14160,14160,2548.8,Cash
AWAS1196,21-07-2023,5900,5000,1062,Cheque
AGND554,08-10-2020,5500,5500,990,Cheque
ALNA770,09-01-2023,6000,6000,1080,Cash
ACNJ296,03-09-2022,11800,11800,2124,Online
AENA441,27-01-2023,40000,40000,7200,Cash
AHBK626,11-11-2021,10030,10030,1805.4,Cash
AENA442,27-01-2023,0,0,0,No Data
AMAJ776,14-10-2019,12000,12000,2160,Cheque  
AHNM685,18-11-2019,14750,14750,2655,Cheque
AHNM685,18-11-2019,14750,14750,2655,Cheque
AHNM685,18-11-2019,14750,14750,2655,Cheque
AHCV72,06-02-2023,14160,12000,2548.8,Cheque
AHCV72,28-11-2022,17700,15000,3186,cheque
AFNM511,18-06-2020,9440,0,1699.2,Cheque
AICV721,03-02-2023,17700,15000,3186,Cheque
AHND675,05-11-2019,11800,5000,2124,Cheque 
AHND675,05-11-2019,11800,5000,2124,Cheque
AHND675,05-11-2019,11800,5000,2124,Cheque
AHNH684,26-07-2022,23600,23600,4248,Cheque
AOAV859,16-11-2022,14160,14160,2548.8,Cash
AGCV272,10-06-2019,6000,4000,1080,Cash
AGCV272,20-08-2019,6000,2000,1080,Cash
AACV76,13-08-2019,5900,5000,1062,Cheque
AABV67,05-08-2019,5000,4237,900,Cheque
ASAP1040,14-03-2023,10000,10000,1800,Cash
AGCV551,08-12-2022,11800,11800,2124,Cheque
AMYM830,15-09-2023,10000,10000,1800,Cheque
AHAS594,17-06-2019,5930,5930,1067.4,Cheque
AHNV700,04-02-2020,5000,5000,900,Cheque
AHNV700,04-02-2020,5000,5000,900,Cheque
ATAP178,04-10-2023,5000,5000,900,Online
ASNG1107,12-09-2023,10000,5000,1800,Online
ACND292,26-07-2022,10620,10620,1911.6,Cheque
AEBA400,29-11-2023,12000,12000,2160,Online
AHCV658,01-04-2023,12000,12000,2160,Cash
AECV434,12-10-2022,17700,17700,3186,Cheque
AHYM703,29-06-2023,12000,12000,2160,Cash
AMAJ572,17-09-2019,15000,12712,2700,Online
AENN458,24-12-2019,17700,10000,3186,Cheque
AENN458,31-01-2020,17700,10000,3186,Cheque
AENN458,31-01-2020,17700,17700,3186,Cheque
AJBP734,12-04-2023,25960,22000,4672.8,Cheque
AJBP734,31-07-2023,14160,12000,2548.8,Cheque
AGBD534,24-09-2019,18000,18000,3240,Cheque 
AMND815,13-08-2020,18000,14760,3240,Cheque 
AABP61,01-06-2023,12000,12000,2160,Cash
AANG98,20-04-2019,10000,10000,1800,Cheque
AAGA81,29-08-2019,14160,12000,2548.8,Cheque
AANG99,30-11-2021,6000,6000,1080,Cash
AANG99,25-01-2022,6000,6000,1080,Cash
AANG99,29-03-2022,11800,11800,2124,Cash
AINR727,11-10-2019,18120,18120,3261.6,Cheque 
AENA443,27-01-2023,0,0,0,No Data
AECV437,30-04-2019,7500,7500,1350,Cheque
ACNN302,20-02-2020,5000,5000,900,Cheque
AENM457,02-06-2020,8260,5000,1486.8,Cheque
AENM457,08-06-2020,8260,7000,1486.8,Cheque
AHBS646,18-07-2023,12000,12000,2160,Cash
AHNG679,21-11-2021,207000,34500,37260,Cheque
AHNG679,25-02-2022,207000,45000,37260,Cheque
AHNG679,18-04-2022,53100,53100,9558,Cheque
AHNG679,08-06-2022,53100,53100,9558,Cheque
AHNG679,08-10-2022,35400,35400,6372,Cheque
AGNG559,07-10-2019,10000,10000,1800,Cheque 
BANG1242,13-05-2023,10000,5000,1800,No Data
BBCV1264,30-05-2019,8000,8000,1440,Cheque
BBBP1261,03-12-2019,0,0,0,No Data
BBBP1261,03-12-2019,0,0,0,No Data
BBBP1261,03-12-2019,0,0,0,No Data
BCSD1352,12-09-2022,13000,13000,2340,Online
BDNR1373,11-07-2019,6000,6000,1080,Cash
BDNR1373,21-10-2019,7000,7000,1260,Cash
BFCV1414,22-09-2022,10000,10000,1800,cheque
BHAH1436,17-01-2023,10000,10000,1800,Cheque
BNWA1538,26-07-2019,0,0,0,No Data
BGCV1323,16-05-2019,11800,11800,2124,Cheque
BRBP1591,04-12-2019,8260,8260,1486.8,Cheque
BRBP1591,04-12-2019,8260,8260,1486.8,Cheque
BRBP1591,04-12-2019,8260,8260,1486.8,Cheque
BFND1418,30-12-2022,10000,10000,1800,Cash
BMNG1525,02-06-2022,9450,9450,1701,Online
BHAN1439,11-01-2020,9440,8000,1699.2,Cheque
BHAN1439,11-01-2020,9440,8000,1699.2,Cheque
BHCV1470,22-09-2022,12000,12000,2160,Cheque
BHAN1440,18-01-2020,11800,11800,2124,Cheque
BHAN1440,18-01-2020,11800,11800,2124,Cheque
BPNJ1579,13-07-2019,7080,6000,1274.4,Cheque
BPNJ1579,14-07-2019,0,0,0,No Data
BPNJ1579,15-07-2019,0,0,0,No Data
BINR1488,09-08-2019,11800,10000,2124,Cheque
BCBG1313,09-05-2023,40000,40000,7200,Cheque
BCBG1313,17-07-2023,15000,15000,2700,Cheque
BRNP1597,03-12-2019,8260,8260,1486.8,Cheque
BRNP1598,03-12-2019,8260,8260,1486.8,Cheque
BRNP1598,03-12-2019,8260,8260,1486.8,Cheque
BSNS1636,16-01-2023,3500,1000,630,Online
BSNS1636,27-12-2022,3500,1000,630,Cash
BFCV1416,08-04-2023,15000,15000,2700,Cash
BPBV1568,22-08-2019,7000,5000,1260,Cash
BPBV1568,06-09-2019,7000,2000,1260,Cash
BSNN1638,28-01-2020,11800,10000,2124,Cheque
BSNN1638,28-01-2020,11800,10000,2124,Cheque
BHBD1460,20-03-2023,6000,5000,1080,Cash
BHNM1477,20-11-2019,11800,7080,2124,Cheque  
BHNM1477,20-11-2019,11800,7080,2124,Cheque
BHNM1477,20-11-2019,11800,7080,2124,Cheque
BSNS1643,10-02-2020,17700,15000,3186,Online
BINR1489,16-09-2020,17700,17700,3186,Cheque
BONJ1546,19-10-2019,15000,15000,2700,Cheque 
BHAS1356,22-07-2023,6000,6000,1080,Cash
BHAP1443,25-03-2023,8000,8000,1440,Cash
BSBM1622,04-12-2019,23600,10000,4248,Cheque
BSBM1622,04-12-2019,23600,10000,4248,Cheque
BSBM1622,04-12-2019,23600,10000,4248,Cheque
BSBM1623,01-02-2021,13000,13000,2340,Cheque
BECV1402,27-03-2023,10000,10000,1800,Cash
BLNM1504,20-11-2019,9440,8000,1699.2,Online 
BLNM1504,20-11-2019,9440,8000,1699.2,Online
BLNM1504,20-11-2019,9440,8000,1699.2,Online
BMCV1520,02-12-2023,15000,15000,2700,Cheque 
BTNP1577,24-12-2019,15000,12712,2700,Cheque
BTNP1577,24-12-2019,15000,12712,2700,Cheque
BTNP1577,24-12-2019,15000,12712,2700,Cheque
CCND1830,31-05-2022,0,0,0,No Data
CCNR1853,28-06-2019,18880,11800,3398.4,Cheque
CCNR1853,29-07-2019,18880,4200,3398.4,Cash
CCNR1853,28-09-2019,7000,7000,1260,Cash
CCAS1747,27-09-2019,5000,5000,900,Cash
CNNR2044,12-06-2019,10000,10000,1800,Cheque
CNNR2044,13-07-2019,7000,7000,1260,Cash
CHND1987,14-12-2022,7080,6000,1274.4,Online
CCAJ1726,12-10-2019,29500,25000,5310,Cheque  
CCAS1699,19-04-2019,7080,7080,1274.4,Cheque
CTAP2148,28-08-2023,6000,6000,1080,Cash
CCNR1858,09-07-2019,10000,10000,1800,Online
CCGA1826,22-07-2019,5900,5000,1062,Cheque
CPNR2079,26-04-2019,11800,11800,2124,Cheque
CPBD2057,02-02-2022,10620,10620,1911.6,Cheque
CHAM1950,02-11-2019,6000,6000,1080,Cheque 
CHAM1950,02-11-2019,6000,6000,1080,Cheque
CHAM1950,02-11-2019,6000,6000,1080,Cheque
CENS1921,07-02-2020,6000,6000,1080,Cheque
CENS1921,07-02-2020,6000,6000,1080,Cheque
CBAS1701,14-11-2019,6000,6000,1080,Online 
CBAS1701,14-11-2019,6000,6000,1080,Online
CBAS1701,14-11-2019,6000,6000,1080,Online
CCNR1714,22-09-2020,11800,10000,2124,Cheque
CENR1918,09-07-2019,7000,7000,1260,Cheque
CHND1988,17-01-2023,15187,13000,2733.66,Cheque
CHND1988,24-02-2023,15187,13000,2733.66,Cheque
CHND1988,30-03-2023,15187,13000,2733.66,Cheque
CHND1988,27-04-2023,15060,13000,2710.8,Cheque
CHND1988,02-06-2023,15187,13000,2733.66,Online
CHND1988,30-07-2023,15187,13000,2733.66,No Data
CHND1988,31-08-2023,15080,13000,2714.4,Online
CHND1988,26-07-2022,15187,13000,2733.66,Cheque
CSNG2145,24-03-2023,11800,11800,2124,Online
CSNG2145,20-12-2019,46715,46715,8408.7,Online
CSNG2145,20-12-2019,46715,46715,8408.7,Online
CSNG2145,20-12-2019,46715,46715,8408.7,Online
CCNG1847,14-06-2019,11800,11800,2124,Online
CING2012,20-01-2021,20000,20000,3600,Cheque 
CPNR2080,21-10-2019,14160,14160,2548.8,Cheque 
CMNR2039,13-06-2019,14000,14000,2520,Cheque
CBNP1713,18-02-2020,8000,8000,1440,Cheque
CPAA2049,20-11-2019,6000,6000,1080,Cheque
CPAA2049,20-11-2019,6000,6000,1080,Cheque
CPAA2049,20-11-2019,6000,6000,1080,Cheque
CAAS1672,29-09-2019,8000,8000,1440,Cash
CCNR1861,05-10-2019,14000,14000,2520,Cheque  
CCNN1849,02-01-2020,19000,10000,3420,Cheque
CCNN1849,02-01-2020,19000,10000,3420,Cheque
CANP1694,02-03-2020,13500,6000,2430,Cash
CRCV2094,09-08-2019,15000,15000,2700,Cash
CECR1913,02-01-2023,8000,8000,1440,Cheque
CHCV1981,21-03-2023,20000,20000,3600,Cash
CSCV1688,24-11-2022,23600,23600,4248,cheque
CFCV1935,02-06-2023,23000,23000,4140,Online
CFCV1935,19-08-2023,12000,12000,2160,Online
CHCV1983,13-12-2022,12000,12000,2160,Cash
CHYM2005,16-03-2020,10000,10000,1800,Cheque
CRCV2095,20-10-2023,17700,17700,3186,Cash
CEBV1910,08-08-2019,11000,9322,1980,Cheque
CCND1840,26-07-2022,5000,5000,900,Online
CMBV2032,17-07-2019,15000,12712,2700,Cheque
CIAS2010,05-07-2019,7000,7000,1260,Online
CCBM1680,24-12-2019,17700,17700,3186,Cheque
CCBM1680,24-12-2019,17700,17700,3186,Cheque
CCBM1680,24-12-2019,17700,17700,3186,Cheque
CRNS2106,24-02-2020,17700,15000,3186,Cheque
CHCG1978,27-12-2019,10000,8475,1800,Online
CCNP1851,03-03-2020,5000,5000,900,Cash
CCCV1818,04-11-2022,14160,12000,2548.8,Cheque
CHNA1986,17-04-2023,10000,10000,1800,Online
CLNR2023,07-03-2020,5000,5000,900,Cheque
CCNS1866,05-02-2020,11800,10000,2124,Cheque
CRNB1866,05-02-2020,11800,10000,2124,Cheque
CHAJ1949,15-02-2023,20000,20000,3600,Cash
CPAA1949,19-09-2022,14160,14160,2548.8,Cheque
CGNM1945,16-11-2019,11000,11000,1980,Cheque  
CGNM1945,16-11-2019,11000,11000,1980,Cheque
CGNM1945,16-11-2019,11000,11000,1980,Cheque
CHWA2004,27-06-2019,0,0,0,No Data
CAAP1671,16-02-2023,5000,5000,900,Cash
CWYM2176,08-08-2023,7777,7777,1399.86,Cash
CCYM1867,10-06-2023,14160,14160,2548.8,Cash
CCBD1783,28-01-2022,11800,5900,2124,Online
CCBD1783,21-04-2022,11800,5900,2124,Online
CFNG1937,27-01-2023,8260,8260,1486.8,Cash
CEBS1909,18-07-2023,5000,5000,900,Cash
CEBS1909,14-08-2019,5000,5000,900,Cash
CCAS1757,14-11-2019,5900,5000,1062,Cash
CCAS1757,14-11-2019,5900,5000,1062,Cash
CCAS1757,14-11-2019,5900,5000,1062,Cash
CBBD1704,18-11-2019,14160,12000,2548.8,Cheque 
CBBD1704,18-11-2019,14160,12000,2548.8,Cheque
CBBD1704,18-11-2019,14160,12000,2548.8,Cheque
CING2013,05-01-2022,35400,35400,6372,Cheque
CACV1692,01-08-2019,6000,2000,1080,Cash
CACV1692,27-08-2019,6000,4000,1080,Cash
CSAH2108,25-01-2023,12000,12000,2160,Cash
DSNS3714,30-11-2019,17700,17700,3186,Cheque 
DSNS3714,30-11-2019,17700,17700,3186,Cheque
DSNS3714,30-11-2019,17700,17700,3186,Cheque
DPBP3350,03-12-2019,11800,10000,2124,Cheque
DMBP3350,03-12-2019,11800,10000,2124,Cheque
DMBP3350,03-12-2019,11800,10000,2124,Cheque
DCCA2486,11-10-2019,17700,17700,3186,Cheque 
DCNM2658,18-12-2019,15000,15000,2700,Cheque
DLNR3340,18-12-2019,15000,15000,2700,Cheque
DLNR3340,18-12-2019,15000,15000,2700,Cheque
DBNM2264,29-01-2020,25000,25000,4500,Cash
DLNA2264,29-01-2020,25000,25000,4500,Cash
DFNA3000,03-12-2019,29500,25000,5310,Cheque
DFNA3000,03-12-2019,29500,29500,5310,Cheque
DFNA3000,03-12-2019,29500,29500,5310,Cheque
DNND3387,02-10-2020,7500,7500,1350,Cheque
DPBD3513,24-04-2019,6500,4000,1170,Cheque
DPBD3513,11-07-2019,6500,2500,1170,Cheque
DDBD2760,21-02-2022,7500,7500,1350,Cash
DENA2973,27-01-2023,0,0,0,No Data
DHAS2711,24-07-2023,8000,8000,1440,Cash
DCNK2655,06-02-2021,17700,17700,3186,Online 
DDNR2899,14-10-2019,8000,8000,1440,Cheque  
DHAN3097,06-11-2019,5000,5000,900,Cheque 
DHAN3097,06-11-2019,5000,5000,900,Cheque
DHAN3097,06-11-2019,5000,5000,900,Cheque
DOAA3098,09-09-2019,16000,6780,2880,Cheque 
DFAN2991,11-01-2020,10000,8475,1800,Cheque
DFAN2991,11-01-2020,10000,8475,1800,Cheque
DFAJ2990,31-08-2019,11800,10000,2124,Cheque
DEAN2922,19-11-2019,10000,10000,1800,Cheque 
DEAN2922,19-11-2019,10000,10000,1800,Cheque
DEAN2922,19-11-2019,10000,10000,1800,Cheque
DDNG2880,05-08-2019,15000,12712,2700,Online
DMNG3360,05-08-2019,0,0,0,Online
DACV2213,25-05-2019,8000,8000,1440,Cash
DANR2233,21-08-2019,7080,6000,1274.4,Cheque
DPNJ3606,13-07-2019,7080,6000,1274.4,Cheque
DHBP3186,10-06-2023,9000,9000,1620,Cheque
DMAA2179,03-10-2022,14160,14160,2548.8,cheque
DFYS3005,05-11-2019,37760,37760,6796.8,Cheque 
DFYS3005,05-11-2019,37760,37760,6796.8,Cheque
DFYS3005,05-11-2019,37760,37760,6796.8,Cheque
DPWA3618,07-08-2019,11800,10000,2124,Cheque
DWBD3773,21-02-2022,7500,7500,1350,Cash
DEAG2921,13-07-2023,9500,9500,1710,Online
DSBM3691,25-11-2019,11000,11000,1980,No Data
DSBM3691,25-11-2019,11000,11000,1980,Online
DSBM3691,25-11-2019,11000,11000,1980,Online
DTNG3744,31-05-2022,8000,8000,1440,Cash
DPBD3515,19-06-2023,10000,10000,1800,Cheque
DDBD2770,24-04-2019,6500,4000,1170,Cheque
DEAP2925,11-04-2023,15000,15000,2700,Cheque
DFCV2997,10-06-2019,8000,8000,1440,Cheque
DEBD2936,04-11-2021,11800,5000,2124,Online 
DEBD2936,21-07-2022,11800,6800,2124,Online
DPBD3516,03-11-2021,10000,5000,1800,Online 
DPBD3516,24-01-2022,10000,5000,1800,Online
DEBD2937,23-07-2019,8500,4250,1530,Cheque
DEBD2937,10-05-2019,8500,4250,1530,Cheque
DSBD3681,19-04-2019,6000,3000,1080,Cheque
DSBD3681,27-04-2019,3000,2000,540,Cheque
DCNG2626,29-09-2020,18880,18880,3398.4,Online
DHNM3272,09-03-2020,14160,14160,2548.8,Online
DHNG3265,20-09-2021,12250,7250,2205,Online 
DDNK2890,28-02-2021,10000,10000,1800,Online 
DDNK2890,28-02-2021,10000,10000,1800,Online 
DHCV3212,27-06-2023,15000,15000,2700,Cash
DDNM2891,24-01-2020,5000,900,900,Cheque
DHCG3206,11-07-2023,10000,10000,1800,Cash
DGNG3065,11-10-2019,18000,18000,3240,Cheque 
DCBD2333,30-03-2022,10000,10000,1800,Online
DDNN2893,12-03-2020,8000,8000,1440,Cheque
DDNN2893,12-03-2020,6000,6000,1080,Cheque
DLCJ3337,25-08-2022,12000,12000,2160,Cheque
DHNM3273,26-11-2019,13000,13000,2340,Cheque 
DHNM3273,26-11-2019,13000,13000,2340,Cheque
DHNM3273,26-11-2019,13000,13000,2340,Cheque
DCNG2628,26-12-2020,22400,22400,4032,Online
DGNR3078,01-10-2019,30000,30000,5400,Cheque 
DNAJ3366,10-08-2022,15000,5000,2700,Cash
DONR3482,20-08-2019,6000,6000,1080,Cash
DANS2236,21-02-2020,14160,14160,2548.8,Cheque
DOAJ3415,10-08-2022,9000,9000,1620,Cash
DCNG2629,10-11-2020,23600,23600,4248,No Data
DCBM2466,23-07-2021,9500,9500,1710,Cash
DHAR3114,27-12-2019,6000,6000,1080,Cheque
DHAR3114,27-12-2019,6000,6000,1080,Cheque
DHAR3114,27-12-2019,6000,6000,1080,Cheque
DHBP3188,27-10-2021,10000,10000,1800,Online 
DHBP3188,19-11-2021,10000,10000,1800,Online 
DGWA3084,26-07-2019,0,0,0,No Data
DHNG3266,04-04-2023,50000,50000,9000,Online
DHBD3151,17-06-2023,7080,7080,1274.4,Online
DDKJ2844,01-11-2023,20000,20000,3600,Online
DHND3244,09-09-2021,14000,14000,2520,Cheque 
DHNV2693,23-02-2023,15000,5000,2700,Online
DCnS2693,12-05-2023,10000,10000,1800,Cash
DCBD2338,22-01-2021,7000,7000,1260,Cash
DGCG3041,21-09-2019,15000,15000,2700,Cheque 
DCNM2659,22-07-2021,10000,10000,1800,No Data
DHBS3202,14-07-2023,11000,11000,1980,Cash
DCNG2630,11-11-2020,29500,29500,5310,Online 
DPBD3522,18-07-2019,10000,5000,1800,Online
DPBD3522,25-05-2019,10000,5000,1800,Online
DNNA3386,14-01-2020,17700,17700,3186,Cash
DPNM3609,14-01-2020,17700,17700,3186,Cash
DCNM2660,02-11-2019,15000,15000,2700,Cheque 
DCNM2660,02-11-2019,15000,15000,2700,Cheque
DCNM2660,02-11-2019,15000,15000,2700,Cheque
DHBK3178,07-11-2021,7500,5000,1350,Online 
DNAN3368,23-10-2019,8000,8000,1440,Cheque 
DHNM3274,26-11-2019,11800,11800,2124,Cheque 
DCNG2631,05-10-2020,21500,21500,3870,Cheque 
DBNJ2262,16-08-2019,9440,8000,1699.2,Cheque
DBBD2251,28-03-2022,10000,10000,1800,Cheque
DCNG2632,29-09-2020,0,0,0,No Data
DHNS3297,11-03-2020,11800,11800,2124,Cheque
DCBD2347,22-01-2021,7000,7000,1260,Cash
DGNM3076,16-03-2020,7000,7000,1260,Cheque
DCNR2684,16-10-2019,9440,9440,1699.2,Cheque  
DPWA3619,26-07-2019,10000,8475,1800,Cheque
DPNJ3607,19-10-2019,12000,12000,2160,Cheque 
DCNM2661,11-03-2021,14750,14750,2655,No Data
DMNG3361,03-04-2022,18000,8000,3240,Cash
DHNG3267,13-05-2023,10000,5000,1800,No Data
DCBM2467,20-07-2021,9000,3000,1620,Cash
DHAJ3091,10-08-2022,15000,15000,2700,Cash
DCNG2633,08-10-2020,23600,23600,4248,Cheque 
DHBD3154,30-04-2019,9000,9000,1620,Cheque
DHBD3155,25-11-2021,5900,5900,1062,Online 
DCCV2508,26-06-2019,8000,8000,1440,Cheque
DBCG2256,19-09-2019,47200,47200,8496,Cheque 
DSWA3731,15-07-2019,8000,6780,1440,Cheque
DGWA3085,27-06-2019,0,0,0,No Data
DCNG2634,08-10-2020,0,0,0,No Data
DAAJ2180,13-09-2019,8000,6780,1440,Online
DCNG2635,12-12-2020,10030,10030,1805.4,Cash
DONM3479,08-01-2020,17700,17700,3186,Cheque
DONM3479,08-01-2020,17700,17700,3186,Cheque
DHBK3179,18-11-2021,10000,10000,1800,Online 
DDWA2917,03-07-2019,8000,8000,1440,Cheque
DRBD3638,17-04-2019,7000,7000,1260,Cheque
DHBK3180,06-11-2021,7500,5000,1350,Online 
DGBD3024,31-05-2022,10000,10000,1800,cheque
DDWA2918,05-07-2019,10000,10000,1800,Cheque
DNBD3374,24-05-2019,12000,12000,2160,Cash
DPBD3528,26-08-2019,8000,8000,1440,Cash
DOWA3486,27-06-2019,15000,15000,2700,Cheque
DPWA3620,31-07-2019,17700,15000,3186,Cheque
DCNG2637,02-12-2020,17700,17700,3186,Cheque 
DGNG3066,20-01-2022,0,0,0,No Data
DDNR2905,28-10-2020,12000,12000,2160,Cheque
DGNG3067,25-01-2022,0,0,0,No Data
DCAS2301,18-01-2020,8000,8000,1440,Cheque
DHAP2301,18-01-2020,8000,8000,1440,Cheque
DHNM3276,13-11-2021,0,0,0,No Data
DPNA3581,21-09-2019,5000,5000,900,Cash
DGNG3068,13-06-2022,17700,17700,3186,Cheque
DCNG2638,27-01-2022,0,0,0,No Data
DHND2575,07-09-2021,17700,17700,3186,Online 
DHND3252,07-11-2022,5000,5000,900,Cash
DHND3252,28-06-2023,5000,5000,900,Cash
DHND3252,28-07-2023,5000,5000,900,Cash
DHND3252,07-11-2022,10000,10000,1800,Cash
DHND3252,13-12-2022,10000,10000,1800,Cash
DONG3475,13-02-2022,0,0,0,No Data
DCNK2656,23-02-2021,28320,28320,5097.6,Cheque
DHCV3222,07-04-2023,15000,15000,2700,Cash
DHNR3291,06-11-2019,11800,11800,2124,Cheque
DHNM3277,06-11-2019,11800,11800,2124,Cheque 
DENR2987,17-03-2020,7000,7000,1260,Cheque
DHCV2831,06-04-2023,10000,10000,1800,Cash
DHNG3268,26-10-2021,17700,17700,3186,Online 
DGNG3069,13-02-2022,0,0,0,No Data
DGNR3079,06-08-2019,5000,5000,900,Cash
DDYM2919,28-09-2023,7000,7000,1260,Cheque
DCNK2657,28-02-2021,10000,10000,1800,Online 
DNNG3406,18-04-2019,12000,12000,2160,Cheque
DNBD3376,23-05-2022,20000,20000,3600,Online
DANS2237,16-11-2019,7000,6000,1260,Cheque
DANS2237,16-11-2019,7000,6000,1260,Cheque
DANS2237,16-11-2019,7000,6000,1260,Cheque
DHYS3300,06-11-2019,17700,17700,3186,Cheque 
DHYS3300,06-11-2019,17700,17700,3186,Cheque
DHYS3300,06-11-2019,17700,17700,3186,Cheque
DHNM3278,14-11-2021,0,0,0,No Data
DHAS3124,19-01-2023,15000,15000,2700,Cheque
DHNR3293,12-06-2019,15000,15000,2700,Cheque
DHBP3194,16-09-2021,5900,5900,1062,Cheque 
DHCV3226,13-11-2022,20000,15000,3600,Cash
DHCV3226,13-11-2022,0,0,0,No Data
DCNG2639,17-10-2020,22420,22420,4035.6,Cash
DOBD3353,28-08-2019,8000,6780,1440,Cheque
DPCV3575,28-01-2023,8000,8000,1440,Cash
DPGD3580,16-08-2022,7080,7080,1274.4,Online
DHAS3125,22-05-2019,8000,8000,1440,Cheque
DHNG3269,17-10-2020,21240,21240,3823.2,Cheque 
DSNV3730,26-07-2023,10000,10000,1800,Cheque
DHNM3279,17-11-2021,0,0,0,No Data
DSBM3692,02-03-2020,7600,7600,1368,Cheque
DDNG2881,13-02-2022,0,0,0,No Data
DUNG3756,15-04-2022,16000,16000,2880,Online
DUNG3756,27-06-2022,10000,10000,1800,Online
DNBS3383,04-03-2020,15930,15930,2867.4,Cheque
DONR3484,28-08-2019,10620,9000,1911.6,Cheque
DPNG3603,23-04-2019,10000,10000,1800,Cheque
DEAP2927,25-08-2023,6000,6000,1080,Cheque
DDND2871,31-05-2019,22000,22000,3960,Cheque
DUNA3754,19-10-2019,29736,29736,5352.48,Cheque 
DGNR3080,06-08-2019,5000,5000,900,Cash
DNCR3384,01-11-2022,10000,10000,1800,Cash
DANM2230,10-02-2020,17700,11800,3186,Cheque
DDNR2911,07-10-2019,7500,7500,1350,Cheque 
DGNG3070,30-05-2022,36000,36000,6480,cheque
DGBD3034,17-08-2022,7080,7080,1274.4,Online
DCBM2468,02-01-2020,9000,9000,1620,Cheque
DNNG3407,25-01-2022,0,0,0,No Data
DDNM2892,27-02-2020,17700,17700,3186,Cheque
DCNG2640,07-01-2021,0,0,0,Cheque 
DBNG2261,21-04-2022,12000,12000,2160,Cash
DGNG3071,05-01-2022,0,0,0,No Data
DHNM3280,16-11-2021,0,0,0,No Data
DCNG2641,03-11-2020,23600,23600,4248,Online 
DCNR2687,28-11-2020,12000,12000,2160,Online 
DCNG2642,30-03-2023,0,29500,0,Cheque 
DCNG2642,10-04-2019,15000,15000,2700,Cheque
DGNB3045,08-01-2020,17700,17700,3186,Cheque
DGNB3045,08-01-2020,17700,17700,3186,Cheque
DCNG2643,12-12-2020,10030,10030,1805.4,Cash
DDNG2613,11-05-2022,18000,18000,3240,Online
DCNG2644,30-11-2020,25000,25000,4500,Cheque 
DENG2984,23-04-2019,10000,10000,1800,Cheque
DHBD3173,02-01-2020,9000,9000,1620,Cheque
DGNS3083,22-11-2019,14160,7080,2548.8,Cheque  
DGNS3083,22-11-2019,14160,7080,2548.8,Cheque
DGNS3083,22-11-2019,14160,7080,2548.8,Cheque
DGNS3083,13-09-2019,14160,6000,2548.8,Cheque 
DGNS3083,31-10-2019,14160,7080,2548.8,Cash
DCNG2645,27-01-2022,0,0,0,No Data
DGBD3036,14-03-2022,11800,5000,2124,Online
DRNG3647,08-01-2022,0,0,0,No Data
DPAJ3491,15-02-2023,10000,10000,1800,Cash
DPAJ3491,15-02-2023,46000,3000,8280,Cash
DECV2967,06-12-2023,12000,12000,2160,No Data
DPNN3611,07-01-2020,7080,7080,1274.4,Cheque
DHNM3281,15-11-2021,0,0,0,No Data
DPNG3605,13-02-2022,0,0,0,No Data
DHBP3201,23-01-2023,12000,12000,2160,Cheque
DCNG2646,14-01-2021,12000,12000,2160,Cheque 
DDCV2839,30-04-2019,10000,10000,1800,Cheque
DSBK3690,21-08-2021,11800,11800,2124,Cheque
DCNG2647,07-01-2021,0,0,0,Cheque 
DDAA2701,18-09-2019,11800,11800,2124,Cheque 
DHND3262,15-10-2020,20000,20000,3600,Cheque 
DHND3262,02-09-2021,10000,10000,1800,Cash
DECV2968,13-05-2019,10000,10000,1800,Cheque
DCNG2648,01-01-2021,29500,29500,5310,Cheque 
DDAP2736,07-09-2023,8000,8000,1440,Online
DCBD2461,27-11-2020,12000,12000,2160,Cash
DDNR2914,30-08-2019,7500,7500,1350,Cash
DCNR2690,28-10-2020,0,0,0,No Data
DHNG3270,24-12-2020,0,0,0,No Data
DCNG2649,24-12-2020,27000,27000,4860,Online
DPNM3610,14-02-2020,17700,17700,3186,Cheque
DONR3485,02-08-2019,7080,6000,1274.4,Online
DOBD3440,30-08-2019,10000,8475,1800,Cheque
DDCV2217,10-08-2019,5900,5000,1062,Online
DCNG2650,08-01-2021,23600,23600,4248,Online
DPAS3505,16-09-2019,11800,10000,2124,Cheque 
DHCA3203,27-12-2019,10000,8475,1800,Online
DHCA3203,27-12-2019,10000,8475,1800,Online
DDNG2884,05-06-2019,11800,11800,2124,Cheque
DCNG2651,24-10-2020,17700,17000,3186,Cheque 
DHAS3129,13-08-2019,5000,5000,900,Cash
DHNV3298,01-11-2019,9000,9000,1620,Cheque
DHNV3298,01-11-2019,9000,9000,1620,Cheque
DHNV3298,01-11-2019,9000,9000,1620,Cheque
DUNG3758,20-01-2022,42000,42000,7560,Cheque
DNAS3372,17-09-2019,10000,10000,1800,Cash
DSNR3729,12-09-2019,14160,14160,2548.8,Cash
DCNG2652,13-01-2021,12000,12000,2160,Cheque 
DCNG2653,18-12-2020,10030,10030,1805.4,Cash
DCNG2654,09-12-2020,20000,20000,3600,Cheque
DDAS2750,08-06-2019,8000,8000,1440,Cheque
DDNR2915,30-08-2019,5900,2542,1062,Cheque
DDNR2915,14-09-2019,5900,2542,1062,Cheque 
DDMH2845,16-01-2023,8260,7000,1486.8,Online
DDMH2845,30-01-2023,8260,7000,1486.8,Online
DENA2975,05-11-2021,11800,10000,2124,Online 
DECV2969,27-02-2023,24000,24000,4320,Cash
DECV2969,14-11-2023,15000,15000,2700,Cash
DBNJ2263,28-03-2023,22000,22000,3960,Cheque
DBNJ2263,05-05-2023,7000,7000,1260,Cheque
DBNJ2263,16-05-2023,15000,15000,2700,Cheque
DBNJ2263,10-07-2023,15000,15000,2700,Cheque
DRNJ2263,07-09-2023,15000,15000,2700,Cheque
DHWA3299,11-07-2019,6000,5085,1080,Cheque
DDBD2797,13-08-2019,11800,10000,2124,Cheque
DHAP3112,24-02-2023,9000,9000,1620,Cash
DCAS2307,18-09-2019,8000,8000,1440,Cash
DCNM2662,27-01-2020,12000,12000,2160,Cash
DCNM2662,27-01-2020,12000,12000,2160,Cash
DCNM2662,25-05-2019,12000,12000,2160,Cheque
DWND3777,17-04-2019,5000,5000,900,Cash
DWND3777,28-06-2019,10000,10000,1800,Cash
DGNR3082,30-11-2020,8000,8000,1440,Online
ETAP3944,24-12-2019,5000,5000,900,Cheque
ETAP3944,24-12-2019,5000,5000,900,Cheque
ETAP3944,24-12-2019,5000,5000,900,Cheque
EING3885,28-05-2019,15000,7500,2700,Cheque
ESNG3939,28-05-2019,15000,7500,2700,Cheque
ESCR3887,19-12-2022,8000,8000,1440,Online
ECNS3832,13-02-2020,11800,10000,2124,Cheque
ECCV3820,29-10-2022,10000,10000,1800,cheque
EHBK3875,18-12-2020,23600,20000,4248,Cash
EHBK3875,01-02-2021,36000,15000,6480,Cash
EECV3850,04-02-2023,28320,10170,5097.6,Online
ECND3825,24-12-2022,17700,17700,3186,Online
ECNG3827,27-01-2022,50000,50000,9000,Cheque
ESNG3940,13-04-2019,20000,20000,3600,Online
ERAS3910,25-11-2019,8000,8000,1440,Cheque 
ERAS3910,25-11-2019,8000,8000,1440,Cheque
ERAS3910,25-11-2019,8000,8000,1440,Cheque
EACV3785,22-11-2022,12000,12000,2160,Cash
EPBM3912,14-07-2021,10620,10620,1911.6,Cheque
ENNM3903,20-12-2019,5900,5900,1062,Cheque
ENNM3903,20-12-2019,5900,5900,1062,Cheque
ENNM3904,20-12-2019,5900,5900,1062,Cheque
ESND3938,23-04-2019,20000,20000,3600,Cheque
ECNK3828,08-11-2021,14160,14160,2548.8,Cash
ESYS3941,12-11-2019,23600,23600,4248,Cheque
ESYS3941,12-11-2019,23600,23600,4248,Cheque
ESYA3941,12-11-2019,23600,23600,4248,Cheque
ECNM3829,27-01-2020,17700,17700,3186,Online
ECNM3829,27-01-2020,17700,17700,3186,Online
FCNA3989,23-09-2019,17700,15000,3186,Cheque 
FACV3952,09-08-2019,0,0,0,No Data
FCNR3994,13-06-2019,5000,5000,900,Online
FANH3953,12-01-2023,37760,18880,6796.8,Online
FANH3953,15-02-2023,36580,36580,6584.4,Online
FANH3953,16-03-2023,17700,15000,3186,Online
FANH3953,19-04-2023,23600,20000,4248,Online
FANH3953,17-05-2023,17700,15000,3186,Online
FANH3953,20-06-2023,23600,20000,4248,Online
FANH3953,22-07-2023,25600,22000,4608,Online
FANH3953,21-08-2023,23600,20000,4248,Online
FANH3953,21-08-2023,17700,10000,3186,Online
FANH3953,23-09-2023,23600,20000,4248,Online
FANH3953,25-10-2023,23600,20000,4248,Online
FRNM4119,11-11-2019,35400,30000,6372,Cheque 
FRNM4119,11-11-2019,35400,30000,6372,Cheque
FRNM4119,11-11-2019,35400,30000,6372,Cheque
FSNR4135,19-08-2019,5000,5000,900,Cash
FFAS4020,02-08-2019,8260,7000,1486.8,Cheque
FENR4014,20-03-2020,7500,7500,1350,Cheque
FHNA4068,24-03-2023,50000,50000,9000,Online
FHYM4071,19-08-2023,7700,7700,1386,Cash
FFND4029,22-02-2023,8000,8000,1440,Cash
FENS4016,27-01-2023,11800,10000,2124,Cheque
FPNA4104,23-10-2019,17700,17700,3186,Cheque
FFNR4037,08-07-2019,5000,5000,900,Cash
FWNR4145,24-12-2019,10000,10000,1800,Online
FWNR4145,02-04-2020,10000,10000,1800,Online
FGNR4056,05-10-2019,8000,8000,1440,Cheque  
FFNA4028,18-02-2023,8000,8000,1440,Cheque
FFNG4031,03-09-2020,35400,35400,6372,Cheque
FCAA3965,02-11-2019,5000,5000,900,Cheque 
FCAA3965,02-11-2019,5000,5000,900,Cheque
FCAA3965,02-11-2019,5000,5000,900,Cheque
FCNJ3992,08-09-2023,20000,10000,3600,Cash
FBNR3964,31-07-2019,0,0,0,No Data
FFAA4018,05-04-2023,14160,12000,2548.8,Online
FPNP4109,28-12-2019,7080,7080,1274.4,Cheque
FPNR4109,28-12-2019,7080,7080,1274.4,Cheque
FPNR4109,28-12-2019,7080,7080,1274.4,Cheque
GPCV4534,06-06-2023,17700,15000,3186,Cheque
GBWA4193,29-09-2019,9440,8000,1699.2,Cheque  
GDNV4301,22-11-2019,11800,10000,2124,Cheque 
GDNV4301,22-11-2019,11800,10000,2124,Cheque
GDNV4301,22-11-2019,11800,10000,2124,Cheque
GMCR4493,23-11-2022,6000,6000,1080,cheque
GBAA4174,26-08-2019,9086,9086,1635.48,Online
GNNG4510,08-01-2022,70800,70800,12744,Cheque
GNNG4510,31-03-2022,53100,53100,9558,Cheque
GNNG4510,25-04-2022,53100,53100,9558,Cheque
GDNM4297,30-12-2019,5000,5000,900,Online
GDNM4297,30-12-2019,5000,5000,900,Online
GDNM4297,30-12-2019,5000,5000,900,Online
GEWA4331,13-08-2019,8000,6780,1440,Online
GTBV4628,19-07-2019,7080,6000,1274.4,Cheque
GDAA4274,20-09-2022,20060,20060,3610.8,Online
GCCV4236,26-08-2023,11800,10000,2124,Cheque
GNAR4507,08-06-2019,6000,6000,1080,Online
GHCV4426,25-11-2023,11800,10000,2124,Cheque
GJAP4451,01-11-2019,29500,29500,5310,Cheque 
GJAA4451,01-11-2019,29500,29500,5310,Cheque
GJPA4451,01-11-2019,29500,29500,5310,Cheque
GAAP4151,27-03-2023,7000,7000,1260,Cheque
GSAS4151,25-06-2019,10000,10000,1800,Cheque
GGBP4370,08-06-2023,15340,13000,2761.2,Cheque
GCNJ4263,11-07-2019,15000,12711,2700,Cheque
GHNG4438,07-01-2021,30000,30000,5400,Cheque 
GHNG4438,31-01-2023,17700,17700,3186,Cheque
GSNB4269,07-02-2020,10000,10000,1800,Cheque
GCNS4269,07-02-2020,10000,10000,1800,Cheque
GLCV4471,08-11-2023,20000,20000,3600,Cash
GLNM4473,09-01-2020,25000,25000,4500,Cash
GLNM4473,09-01-2020,25000,25000,4500,Cash
GFBD4343,02-12-2019,14160,12000,2548.8,Cheque
GFBD4343,02-12-2019,14160,12000,2548.8,Cheque
GFBD4343,02-12-2019,14160,12000,2548.8,Cheque
GCNV4270,13-03-2020,20000,20000,3600,Cheque
GFNS4353,06-02-2020,15930,13500,2867.4,Cheque
GFNS4353,06-02-2020,15930,13500,2867.4,Cheque
GCCV4246,09-08-2019,11800,10000,2124,Online
GMAS4483,21-06-2019,3500,3500,630,Cash
GNAA4506,02-09-2022,15340,13000,2761.2,Cheque
GSYM4620,29-06-2023,12036,6000,2166.48,Cheque
GWAG4639,05-05-2023,8000,8000,1440,Cash
GGCV4378,23-05-2019,8000,2000,1440,Cash
GONR4516,26-09-2019,7000,7000,1260,Cheque 
GDNR4300,15-06-2019,8000,3000,1440,Cheque
GDNR4300,30-05-2019,8000,5000,1440,Cheque
GPCV4537,27-11-2023,10000,10000,1800,Cheque
GHBK4412,26-11-2021,6000,3000,1080,Cash
GHNS4442,15-01-2020,25500,25500,4590,Cheque
GHNS4442,10-02-2020,25500,25500,4590,Cheque
GHNS4442,15-01-2020,25500,25500,4590,Cheque
GCBM4222,20-05-2023,13000,13000,2340,Cheque
GGGA4381,17-08-2019,5000,5000,900,Cash
GNNV4511,03-10-2023,29000,25000,5220,Online
GNNV4511,08-11-2023,47200,40000,8496,Online
GRNS4569,13-02-2020,21240,21240,3823.2,Cheque
GONA4514,02-11-2021,17000,17000,3060,Cheque
GTYM4635,09-06-2023,14160,12000,2548.8,Cheque
GHBD4409,04-07-2019,15000,15000,2700,Cheque
GSWA4619,15-07-2019,9000,7627,1620,Cheque
GSBM4607,13-05-2023,14160,12000,2548.8,Online
GSAS4588,22-05-2019,6000,6000,1080,Cheque
GFND4350,10-09-2021,25000,25000,4500,No Data
GENS4330,30-11-2019,17700,17700,3186,Cheque 
GENS4330,30-11-2019,17700,17700,3186,Cheque
GENS4330,30-11-2019,17700,17700,3186,Cheque
GSBD4603,03-09-2022,8000,4000,1440,Online
GLNR4475,14-11-2019,8850,8850,1593,Cheque
GLNR4475,14-11-2019,8850,8850,1593,Cheque
GLNR4475,14-11-2019,8850,8850,1593,Cheque
GSBD4604,29-07-2019,8000,3390,1440,Cheque
GSBD4605,26-04-2019,8000,4000,1440,Cheque
GDCG4291,25-06-2022,14160,14160,2548.8,Online
GLBP4418,25-11-2019,8000,8000,1440,Cheque 
GLBP4418,25-11-2019,8000,8000,1440,Cheque
GLBP4418,25-11-2019,8000,8000,1440,Cheque
GGNG4387,25-01-2022,40000,40000,7200,Cheque
GFAS4339,24-09-2019,12000,12000,2160,Cheque 
GCWG4273,14-04-2022,5000,5000,900,Cheque
GHYM4443,23-08-2023,10000,10000,1800,Cash
GHAS4397,26-11-2019,5900,5900,1062,Cheque 
GHAS4397,26-11-2019,5900,5900,1062,Cheque
GHAS4397,26-11-2019,5900,5900,1062,Cheque
GLBK4465,08-08-2021,8000,8000,1440,Cheque
GWNS4646,05-03-2020,53100,45000,9558,Cheque
GJNR4457,14-09-2019,7080,6000,1274.4,Cheque 
GKYM4460,30-08-2023,11800,10000,2124,Cheque
GECV4319,03-12-2022,20000,20000,3600,Cheque
GHCR4422,03-11-2022,14160,7080,2548.8,Online
GPBG4492,03-01-2020,10000,4237,1800,Cheque
GPBG4492,03-01-2020,10000,4237,1800,Cheque
GGNA4382,22-08-2019,14000,140000,2520,Cash
HNNS4919,13-02-2020,5900,5900,1062,Cash
HHNV4880,07-01-2020,10000,10000,1800,Cheque
HHNV4880,07-01-2020,10000,10000,1800,Cheque
HHNV4880,05-07-2022,6000,6000,1080,Online
HACV4658,30-09-2022,17700,17700,3186,Cheque
HANS4664,04-03-2020,10000,10000,1800,Cheque
HMNC4913,17-02-2020,5900,5900,1062,Cheque
HTNM5012,24-12-2019,11800,10000,2124,Cheque
HTNM5012,24-12-2019,11800,10000,2124,Cheque
HTNM5012,24-12-2019,11800,10000,2124,Cheque
HEAS4737,26-02-2020,9440,8000,1699.2,Cheque
HLNM4899,07-03-2020,5000,5000,900,Cheque
HACV4660,02-02-2023,17700,15000,3186,Cheque
HCAS4686,28-06-2019,6000,6000,1080,Cheque
HCAS4686,29-05-2019,12000,6000,2160,Cheque
HTNR5013,11-06-2019,7000,4000,1260,Cheque
HTNR5013,09-09-2019,7000,3000,1260,Cheque 
HPAS4927,10-09-2019,9440,8000,1699.2,Cheque 
HNAA4675,07-11-2022,30000,25424,5400,Cheque
HUAA5015,07-11-2022,0,0,0,No Data
HSAV4922,17-12-2019,7500,7500,1350,Cheque
HSAV4922,17-12-2019,0,0,0,No Data
HSAV4922,17-12-2019,7500,7500,1350,Cheque
HSAV4922,17-12-2019,0,0,0,No Data
HSAV4922,17-12-2019,7500,7500,1350,Cheque
HSAV4922,17-12-2019,0,0,0,No Data
HHCV4850,24-05-2019,8000,8000,1440,Cheque
HPNK4943,27-02-2021,11800,11800,2124,Cheque 
HHNR4872,01-11-2019,15000,5000,2700,Cash
HHRR4872,01-11-2019,15000,5000,2700,Cash
HHRR4872,01-11-2019,15000,5000,2700,Cash
HHCR4839,25-11-2022,14160,12000,2548.8,Cheque
HSAN4979,11-01-2020,14160,12000,2548.8,Cheque
HSAN4979,11-01-2020,5900,5000,1062,Cheque
HSAN4979,11-01-2020,14160,12000,2548.8,Cheque
HSAN4979,11-01-2020,5900,5000,1062,Cheque
HHCR4846,05-11-2022,11800,11800,2124,Online
HHCS4848,03-05-2023,14160,12000,2548.8,Online
HRAA4770,20-09-2022,17700,17700,3186,cheque
HRCR4841,23-11-2022,12000,12000,2160,cheque
HHAA4771,28-09-2022,23600,20000,4248,Cheque
HWCV5025,29-10-2022,25000,15000,4500,Cash
HVHD5018,22-05-2019,7000,7000,1260,Cheque
HHNG4866,21-09-2023,12000,12000,2160,Cash
HRWA4973,01-07-2019,9000,9000,1620,Cheque
HRBV4967,17-08-2019,15340,13000,2761.2,Cash
HRAS4961,16-08-2019,5000,5000,900,Cash
HHBV4838,01-09-2023,5900,5000,1062,Cheque
HHBV4838,09-08-2019,12000,10169,2160,Cheque
HRBV4968,26-10-2019,4500,4500,810,Cheque 
HENA4742,27-01-2023,0,0,0,No Data
HFAP4749,29-02-2020,5000,5000,900,Cheque
ISWA5208,19-08-2019,8000,8000,1440,Online
IDNR5095,10-06-2019,5000,5000,900,Online
IDNR5095,26-06-2019,3000,3000,540,Cash
ICNM5079,18-11-2019,14750,14750,2655,Cheque 
ICNM5079,18-11-2019,14750,14750,2655,Cheque
ICNM5079,18-11-2019,14750,14750,2655,Cheque
ICNM5080,13-03-2020,42480,21000,7646.4,Cheque
IFCV5091,12-06-2019,8000,8000,1440,Cheque
IFNM5119,16-12-2019,34800,29492,6264,Cheque
IFNM5119,16-12-2019,34800,29492,6264,Cheque
IFNM5119,16-12-2019,34800,29492,6264,Cheque
IFNM5119,03-06-2019,60000,60000,10800,Cheque
IMNG5160,26-04-2022,5000,5000,900,Cash
IHBP5132,28-08-2023,10000,10000,1800,Cheque
IPAJ5169,15-10-2019,12000,12000,2160,Cheque  
ISSM5207,26-02-2020,106200,59000,19116,Cheque
IPBD5173,28-11-2020,11800,10000,2124,No Data
ITAA5210,16-11-2019,5000,5000,900,Cash
ITAA5210,16-11-2019,5000,5000,900,Cash
ITAA5210,16-11-2019,5000,5000,900,Cash
IICV5143,18-09-2023,11800,11800,2124,Cheque
ISNM5204,18-03-2020,17700,17700,3186,Cheque
ICCA5067,11-10-2019,23600,23600,4248,Cheque 
ICCA5067,25-05-2023,20000,20000,3600,Cash
IHNG5136,28-09-2023,15000,15000,2700,Online
IICV5145,06-11-2023,12000,12000,2160,Cash
IFBD5114,11-07-2019,10000,8475,1800,No Data
IFBD5114,14-06-2019,9000,9000,1620,Cheque
JMNG5436,12-09-2020,22000,18644,3960,Cheque
JPCV5464,04-10-2023,10000,10000,1800,Cash
JHNR5396,13-12-2019,22175,22175,3991.5,Cheque
JHNR5396,13-12-2019,22175,22175,3991.5,Cheque
JHNR5396,13-12-2019,22175,22175,3991.5,Cheque
JCNM5304,11-12-2019,5000,5000,900,Cheque
JCNM5304,11-12-2019,5000,5000,900,Cheque
JCNM5304,11-12-2019,5000,5000,900,Cheque
JAGA5248,26-08-2019,5000,4237,900,Cheque
JHNJ5394,26-08-2019,5000,5000,900,Cheque
JANK5252,24-12-2019,10000,0,1800,Online
JRAS5476,31-01-2020,14160,14160,2548.8,Cheque
JRAS5476,31-01-2020,14160,14160,2548.8,Cheque
JCNK5303,18-02-2021,56050,34500,10089,Online 
JENR5340,17-07-2019,11800,10000,2124,Cheque
JTAP5328,21-04-2023,8000,8000,1440,Cheque
JRAS5478,10-08-2019,5000,5000,900,Online
JHAP5370,05-10-2023,10000,10000,1800,Cash
JMAS5420,30-04-2019,9000,9000,1620,Cheque
JFAP5348,18-01-2020,10000,5000,1800,Cash
JFAP5348,18-01-2020,10000,5000,1800,Cash
JCND5266,18-08-2020,15340,9818,2761.2,Cheque 
JVND5532,31-05-2019,22420,22420,4035.6,Cheque
JRNS5488,14-12-2019,13800,13800,2484,Cheque
JRNS5488,14-12-2019,13800,13800,2484,Cheque
JRNS5488,14-12-2019,13800,13800,2484,Cheque
JRNS5489,16-12-2019,10000,10000,1800,Cheque
JRNS5489,16-12-2019,10000,10000,1800,Cheque
JRNS5489,16-12-2019,10000,10000,1800,Cheque
JFAS5350,22-06-2019,10000,10000,1800,Cheque
JBCV5264,04-04-2019,5000,5000,900,Cash
JUAS5530,17-06-2019,10000,10000,1800,Cheque
JANG5251,08-01-2021,0,0,0,No Data
JSNG5512,29-11-2021,17700,17700,3186,Cheque
AAAS19,24-07-2019,5000,5000,900,Cash
KHBP5803,13-12-2019,7080,2966,1274.4,Cheque
KHBP5803,13-12-2019,7080,2966,1274.4,Cheque
KHBP5803,23-01-2020,7080,3580,1274.4,Cheque
KHBP5804,13-12-2019,7080,2966,1274.4,Cheque
KHBP5804,23-01-2020,7080,2966,1274.4,Cheque
KCBD5639,21-04-2022,13000,13000,2340,Online
KGBD5770,30-04-2019,0,0,0,No Data
KTBD6044,13-06-2019,12750,12750,2295,Cheque
KPBM5945,24-05-2023,10000,10000,1800,No Data
KACV5560,12-11-2022,11800,10000,2124,Cheque
KRNP5985,13-10-2023,0,0,0,No Data
KJNR5864,14-05-2019,8000,8000,1440,Cheque
KSAS6000,07-06-2019,10000,10000,1800,Cheque
KHNA5820,08-02-2023,8000,8000,1440,Online
KCGA5673,31-07-2019,5900,5000,1062,Cheque
KFNM5758,16-11-2019,8000,8000,1440,Cheque 
KFNM5758,16-11-2019,8000,8000,1440,Cheque
KFNM5758,16-11-2019,8000,8000,1440,Cheque
KHAP5783,22-04-2023,15000,15000,2700,Cheque
KHAP5783,06-09-2023,15000,15000,2700,Cheque
KASG5574,04-12-2019,10000,10000,1800,Online
KASG5575,04-12-2019,10000,10000,1800,Online
KSSG5575,04-12-2019,10000,10000,1800,Online
KLNM5876,07-01-2019,17700,17700,3186,Cheque
KLNM5876,07-01-2019,17700,17700,3186,Cash
KPNR5965,14-10-2019,8000,9440,1440,Cheque  
KMND5901,17-05-2019,15000,15000,2700,Cheque
KINJ5849,29-03-2023,11800,10000,2124,Online
KINJ5849,19-05-2023,10000,8475,1800,Cheque
KNNR5908,23-10-2019,5000,4000,900,Cash
KEAA5715,20-09-2019,6000,0,1080,Cheque 
KPAS5792,27-08-2019,7000,7000,1260,Cash
KASD5573,05-09-2022,13000,13000,2340,Online
KBBP5598,18-01-2023,14000,14000,2520,Online
KHNM5831,22-01-2020,23600,20000,4248,No Data
KHNM5831,05-02-2020,17700,15000,3186,No Data
KHNM5831,16-03-2020,17700,15000,3186,Cheque
KHNM5831,05-02-2020,17700,15000,3186,No Data
KKAJ5865,19-09-2019,17700,17700,3186,Cheque 
KSNR6034,07-06-2019,12000,12000,2160,Cheque
KPCV5953,07-11-2023,8000,8000,1440,Cash
KPGA5954,21-08-2019,10000,8475,1800,Cheque
KSNG6029,06-04-2022,23000,23000,4140,Online
KRnM5984,10-12-2019,17500,17500,3150,Cheque
KRNR5987,10-12-2019,17500,17500,3150,Cheque
KRNR5987,10-12-2019,17500,17500,3150,Cheque
KPNJ5958,31-07-2019,7080,6000,1274.4,Cheque
KCAV5635,02-01-2020,8000,8000,1440,Cheque
KCAV5635,02-01-2020,8000,8000,1440,Cheque
KTNC6058,09-10-2020,6000,6000,1080,Cheque 
KPCJ5949,23-08-2022,12000,12000,2160,Cash
KIAM5841,28-12-2019,11800,11800,2124,Cheque
KIAM5841,28-12-2019,11800,11800,2124,Cheque
KIAM5841,28-12-2019,11800,11800,2124,Cheque
KHNC5821,12-03-2020,23600,23600,4248,Cheque
KTNP6060,06-06-2023,6800,6800,1224,Cash
KTNP6060,05-08-2023,6000,6000,1080,Online
KTNP6060,02-10-2023,9100,9100,1638,Cash
KFNN5759,14-03-2020,10000,10000,1800,Cheque
KCNP5683,14-02-2020,4000,4000,720,Cheque
KDNR5713,02-11-2020,10000,10000,1800,No Data
KDBD5698,31-08-2019,15620,5620,2811.6,Cheque
KIAG5838,05-05-2023,11800,10000,2124,Cheque
KDBD5699,10-07-2019,15620,8475,2811.6,Cheque
KPAP5929,08-08-2023,10000,10000,1800,Cheque
KDNM5708,04-03-2020,17700,17700,3186,Cheque
KPAV5935,06-01-2020,9440,9440,1699.2,Cheque
KPAV5935,06-01-2020,9440,9440,1699.2,Cheque
KPBV5948,06-08-2019,10620,9000,1911.6,Cheque
KWAP6075,22-08-2023,10000,10000,1800,Cash
KLAP5871,10-02-2023,10000,5000,1800,Cheque
KCNM5605,06-01-2020,29500,25000,5310,Cheque
KBNB5605,06-01-2020,29500,25000,5310,Cheque
KHAS5793,15-10-2019,12000,14160,2160,Cheque  
KHAJ5782,23-09-2019,17700,17700,3186,Cheque 
KMCV5898,02-11-2022,11800,10000,2124,Cheque
KDNR5714,24-07-2019,8000,6780,1440,Cheque
KEBP5730,06-09-2023,7000,7000,1260,Cheque
KCPD5686,21-10-2022,11000,7500,1980,Online
KCPD5686,21-11-2022,11000,3500,1980,Online
KRNG5983,13-07-2023,8000,6780,1440,Cheque
KRNG5983,11-08-2023,9700,8220,1746,Cheque
KRNG5983,26-08-2023,25000,10000,4500,Cheque
KDNM5709,13-03-2020,17700,17700,3186,Cheque
KMAS5768,24-12-2022,10000,10000,1800,Cheque
KCAP5627,07-10-2023,10000,10000,1800,Cash
KCAP5627,23-10-2023,20000,20000,3600,Cash
KONG5914,08-12-2020,0,0,0,No Data
KONG5915,08-12-2020,35000,35000,6300,Cheque
KANG5569,21-01-2022,24000,24000,4320,Online
LCNG6126,12-01-2021,14160,14160,2548.8,Cheque
LSNN6281,18-01-2020,8000,8000,1440,Cheque
LSNN6281,18-01-2020,8000,8000,1440,Cheque
LHBS6201,11-05-2023,12000,12000,2160,Cheque
LHAA6172,11-11-2022,11800,11800,2124,Cheque
LRAV6158,14-12-2019,11800,11800,2124,Cash
LRAV6158,14-12-2019,11800,11800,2124,Cash
LRAV6158,14-12-2019,11800,11800,2124,Cash
LLBP6216,29-09-2023,10000,10000,1800,Cheque
LHBM6199,19-05-2023,12000,12000,2160,Cheque
LENT6155,26-10-2019,23600,23600,4248,Cheque 
LHBD6188,18-06-2019,10000,7000,1800,Cash
LHBD6188,09-05-2019,10000,3000,1800,Cheque
LRNK6096,25-02-2021,32000,0,5760,Online 
LPCV6116,26-08-2023,11800,10000,2124,Online
LNNR6233,09-09-2019,6000,6000,1080,Cash
LENA6147,27-01-2023,0,0,0,No Data
LENS6154,07-01-2023,7000,7000,1260,No Data
LENS6154,13-12-2022,17000,8500,3060,Cash
LGNG6171,13-02-2022,35000,35000,6300,Cheque
LGNG6171,09-05-2022,35000,6300,6300,Online
LMAJ6173,20-11-2022,20000,20000,3600,Cheque
LEPV6156,29-08-2023,10000,5000,1800,Cash
LCYM6128,06-03-2020,25000,25000,4500,Cheque
LHNG6207,14-07-2023,12000,12000,2160,Cash
LSAV6279,27-02-2020,12000,12000,2160,Cheque
LHAP6182,30-06-2023,11718,11718,2109.24,Cash
LEND6148,15-11-2019,10030,5000,1805.4,Cash
LEND6149,20-11-2019,10030,5000,1805.4,Online
LENP6151,15-11-2019,10030,5000,1805.4,Cash
LENP6151,20-11-2019,10030,5000,1805.4,Online
LENP6151,15-11-2019,10030,5000,1805.4,Cash
LENP6151,20-11-2019,10030,10000,1805.4,Online
LNAJ6230,18-11-2022,38600,38600,6948,Cheque
LAND6085,19-01-2023,14160,14160,2548.8,Online
LSND6290,12-04-2023,12000,12000,2160,Cash
LDNA6133,17-01-2020,11800,10000,2124,Cheque
LLNB6133,17-01-2020,11800,10000,2124,Cheque
LHWA6210,17-07-2019,9440,8000,1699.2,Cheque
LSNR6296,15-06-2019,0,0,0,No Data
LHAS6184,14-11-2019,12000,12000,2160,Cash
LHAS6184,14-11-2019,12000,12000,2160,Cash
LHAS6184,14-11-2019,12000,12000,2160,Cash
LCNM6127,03-12-2019,41300,41300,7434,Cheque
LCNM6127,03-12-2019,41300,41300,7434,Cheque
LCNM6127,03-12-2019,41300,41300,7434,Cheque
LPNG6260,27-11-2021,7965,6750,1433.7,Cheque
LPNG6260,18-04-2022,15340,13000,2761.2,Cheque
LPNG6260,26-07-2022,15340,13000,2761.2,Cheque
LSBM6283,24-11-2019,6000,3000,1080,Cheque 
LSBM6283,24-11-2019,6000,3000,1080,Cheque
LSBM6283,24-11-2019,6000,3000,1080,Cheque
LSBM6284,04-03-2020,5900,5900,1062,Cheque
LEAS6141,23-05-2023,10000,10000,1800,Online
LEAS6141,30-05-2023,40000,40000,7200,Cash
LEAS6141,11-06-2023,23600,23600,4248,Cash
MSNG7161,02-04-2019,10000,10000,1800,Online
MFAN6658,31-01-2020,5900,5000,1062,Online
MFAN6658,18-01-2020,5900,5000,1062,Cheque
MFAN6658,18-01-2020,5900,5000,1062,Online
MFAN6658,18-01-2020,11800,10000,2124,Cheque
MFAN6658,31-01-2020,5900,5000,1062,Online
MABP6338,13-02-2023,7500,6356,1350,Cheque
MTNV7224,15-01-2020,9440,8000,1699.2,Cheque
MTNV7224,15-01-2020,9440,8000,1699.2,Cheque
MWBP7232,08-08-2023,9440,8000,1699.2,Cheque
MCNA6513,13-09-2019,35000,3000,6300,Cheque 
MCNA6513,09-10-2019,41300,3000,7434,Cheque 
MABG6334,10-12-2019,6400,5424,1152,Cheque
MABG6334,10-12-2019,6400,5424,1152,Cheque
MABG6334,10-12-2019,6400,5424,1152,Cheque
MBAV6372,27-12-2019,7000,7000,1260,Cash
MBAP6372,27-12-2019,7000,7000,1260,Cash
MBAP6372,27-12-2019,7000,7000,1260,Cash
MFBD6674,28-04-2022,11000,11000,1980,Cheque
MCNM6533,29-02-2020,17754,17754,3195.72,Cheque
MHND6817,14-09-2021,14000,14000,2520,Cheque 
MRPG7097,03-01-2022,4800,4800,864,Online
MRPG7097,12-01-2022,18000,15254,3240,Online
MCBP6476,07-09-2023,10000,5000,1800,Cash
MHAV6764,19-11-2019,12000,12000,2160,Cash
MHAV6764,19-11-2019,12000,12000,2160,Cash
MHAV6764,19-11-2019,12000,12000,2160,Cash
MHCM6800,26-05-2023,10000,10000,1800,Cash
MHCM6800,09-06-2023,10000,10000,1800,Cash
MCND6521,24-12-2022,15576,15576,2803.68,Cheque
MRNA7085,06-12-2019,18000,18000,3240,Cheque
MRNA7085,06-12-2019,18000,18000,3240,Cheque
MRNA7085,06-12-2019,18000,18000,3240,Cheque
MRNA7085,22-06-2019,35000,20000,6300,Cheque
MRNA7085,17-07-2019,35000,12712,6300,Cheque
MINC6857,13-11-2019,18000,21240,3240,Cheque 
MINC6857,13-11-2019,18000,21240,3240,Cheque
MINC6857,13-11-2019,18000,21240,3240,Cheque
MINC6857,17-07-2019,0,0,0,No Data
MDNS6598,27-01-2023,9440,9440,1699.2,Cheque
MDNS6598,06-04-2019,15000,15000,2700,Cheque
MMNG6940,30-05-2022,8260,8260,1486.8,cheque
MRNG7092,11-04-2022,7080,6000,1274.4,Online
MEAP6610,22-06-2023,7080,6000,1274.4,Cheque
MMCM6925,30-05-2023,14160,12000,2548.8,Cheque
MHWG6836,10-08-2023,14160,14160,2548.8,Online
MHWG6836,20-06-2019,11800,11800,2124,Cheque
MHWG6836,10-09-2019,23600,20000,4248,Cheque 
MHWG6837,27-05-2019,11800,11800,2124,Cheque
MCYM6548,10-08-2023,12000,12000,2160,Cheque
MINM6858,28-12-2019,11800,11800,2124,Cheque
MINM6858,28-12-2019,11800,11800,2124,Cheque
MINM6858,28-12-2019,11800,11800,2124,Cheque
MHAM6750,19-11-2019,8000,8000,1440,Cheque 
MHAM6750,19-11-2019,8000,8000,1440,Cheque
MHAM6750,19-11-2019,8000,8000,1440,Cheque
MTBP7205,12-09-2023,8000,8000,1440,Cheque
MDSM6599,29-02-2020,7000,5000,1260,Cash
MIND6514,20-05-2019,10000,10000,1800,Cheque
MNND6959,30-08-2022,20060,20060,3610.8,Cheque
MRNG7093,14-06-2022,9440,9440,1699.2,Cheque
MRND6524,20-01-2023,25000,25000,4500,Cheque
MRND6524,27-02-2023,25000,25000,4500,Cheque
MRND6524,30-03-2023,25000,25000,4500,Cheque
MRND6524,05-05-2023,25000,25000,4500,Cheque
MRND6524,01-09-2023,23750,23750,4275,Cheque
MRND6524,26-09-2023,23750,23750,4275,Cheque
MRND6524,23-06-2022,25000,25000,4500,Online
MRND6524,26-07-2022,25000,25000,4500,Cheque
MRND6524,22-08-2022,25000,25000,4500,Cheque
MRND6524,21-09-2022,25000,25000,4500,Cheque
MRND6524,23-11-2022,25000,25000,4500,Cheque
MRND6524,20-12-2022,25000,25000,4500,Cheque
MBAN6370,19-10-2019,9440,9440,1699.2,Cheque 
MDAJ6552,19-08-2019,23600,20000,4248,Cheque
MGCV6724,02-07-2019,8500,8500,1530,Cheque
MNYD6965,16-11-2022,8000,8000,1440,Online
MFCM6687,10-11-2019,11800,10000,2124,Cash
MFCM6687,10-11-2019,11800,10000,2124,Cash
MFCM6687,10-11-2019,11800,10000,2124,Cash
MNNR6964,05-10-2019,17700,5900,3186,Cheque  
MDAS6557,11-06-2019,35000,20000,6300,Cash
MDAS6558,11-06-2019,0,0,0,Cash
MPBD7008,27-08-2019,0,0,0,No Data
MPBD7009,27-08-2019,10000,8475,1800,Cheque
MNNG6962,03-01-2022,29500,29500,5310,Cheque
MCNP6535,13-02-2020,5000,5000,900,Cheque
MDNG6591,22-04-2019,10000,10000,1800,Cheque
MBBP6389,24-08-2023,10000,10000,1800,Cheque
MABM6337,04-11-2019,8260,7000,1486.8,Cheque
MABM6337,04-11-2019,8260,7000,1486.8,Cheque
MABM6337,04-11-2019,8260,7000,1486.8,Cheque
MBNG6404,12-09-2019,11800,10000,2124,Cheque 
MHCP6801,09-09-2023,5000,5000,900,Cash
MAWA6364,28-06-2019,17700,8850,3186,Cheque
MAWA6364,14-08-2019,17700,7500,3186,Cheque
MPNJ7046,03-08-2019,8260,7000,1486.8,Cheque
MECV6642,16-02-2023,20000,10000,3600,Cheque
MCCS6490,06-05-2023,20000,20000,3600,Cheque
MHCV6807,20-01-2023,20000,10000,3600,Cheque
MHCV6807,16-02-2023,20000,10000,3600,Cheque
MIAA6839,07-09-2022,12000,12000,2160,Cheque
MTAA7174,20-09-2022,14160,14160,2548.8,cheque
MFND6697,04-08-2022,14160,14160,2548.8,Online
MFND6697,07-10-2022,15000,15000,2700,Online
MTND7217,18-10-2022,11800,11800,2124,Online
MAGA6348,20-08-2019,9440,8000,1699.2,Cheque
MHBS6798,04-07-2023,10000,10000,1800,Cash
MGBD6715,15-06-2019,12500,12500,2250,Cheque
MONM6974,12-11-2019,29500,14750,5310,Cheque 
MONM6974,12-11-2019,29500,14750,5310,Cheque
MONM6974,12-11-2019,29500,14750,5310,Cheque
MNNJ6963,17-10-2019,10000,10000,1800,Cheque 
MPNM7047,17-01-2020,11500,11500,2070,Cheque
MPNM7047,17-01-2020,11500,11500,2070,Cheque
MPNM7047,17-10-2019,10000,10000,1800,Cheque 
MRNJ7094,29-09-2019,10000,10000,1800,Cash
MPCV7030,22-06-2019,8000,8000,1440,Cheque
MCAJ6416,27-09-2019,14160,14160,2548.8,Cheque 
MCAS6445,10-12-2019,27250,12500,4905,Cash
MCAS6445,10-12-2019,27250,12500,4905,Cash
MCAS6445,10-12-2019,27250,14750,4905,Cash
MCAS6445,23-10-2019,27250,12500,4905,Cash
MDCV6577,05-11-2022,15000,15000,2700,Online
MRBV7077,26-10-2019,8000,8000,1440,Cheque 
MMAP6905,18-06-2023,6000,6000,1080,Cash
MANP6359,29-11-2019,11800,10000,2124,Cheque 
MANP6359,29-11-2019,11800,10000,2124,Cheque
MANP6359,29-11-2019,11800,10000,2124,Cheque
MHNR6832,17-12-2020,9440,9440,1699.2,Cheque  
MHNR6832,18-10-2019,23600,14160,4248,Cheque 
MRAP7061,06-10-2023,5000,5000,900,Cash
MMNV6951,10-11-2023,12000,10170,2160,Online
MGBD6716,14-05-2019,7000,7000,1260,Cheque
MCCV6501,20-07-2019,5900,5000,1062,Cheque
MECV6643,20-06-2019,8850,8850,1593,Cheque
MACV6347,29-11-2022,10000,10000,1800,Cash
MBNG6405,28-07-2023,5000,5000,900,Cash
MSBM7135,25-11-2019,6000,7080,1080,Cheque
MSBM7135,25-11-2019,6000,7080,1080,Cheque
MSBM7135,25-11-2019,6000,7080,1080,Cheque
MRND7089,11-09-2021,0,0,0,No Data
MCND6529,12-09-2021,0,0,0,No Data
MRND7090,10-12-2022,7000,3500,1260,Online
RRND9242,13-09-2021,0,0,0,No Data
MCNM6534,25-08-2023,10000,10000,1800,Cash
MSNG7162,03-06-2019,12000,12000,2160,Cheque
MCNR6543,01-10-2020,10000,10000,1800,No Data
MBBD6387,23-12-2022,8000,5000,1440,Online
MCNA6518,18-01-2020,10000,10000,1800,Cash
MCNA6518,18-01-2020,10000,10000,1800,Cash
MSND7160,05-05-2019,10000,10000,1800,Cheque
MABP6343,13-02-2023,7500,6356,1350,Cheque
MBCV6396,12-08-2023,14160,12000,2548.8,Cheque
MEAP6317,08-09-2023,6500,6500,1170,Online
MSNR6833,24-12-2019,11800,5000,2124,Cheque
MSNR6833,23-11-2019,11800,5000,2124,Cheque
MSNR7167,23-11-2019,11800,5000,2124,Cheque
MSNR7167,24-12-2019,11800,6800,2124,Cheque
MSNR7167,23-11-2019,11800,5000,2124,Cheque
MSNR7167,24-12-2019,11800,5000,2124,Cheque
MGWA6738,28-08-2019,8260,7000,1486.8,Cheque
MMNG6941,17-03-2022,10620,9000,1911.6,Cheque
MANR6362,04-09-2020,11800,11800,2124,Online
MSNR7169,17-06-2019,10000,10000,1800,Cheque
MMBD6785,28-09-2022,11800,11800,2124,Online
MSNR7170,07-12-2019,35000,35000,6300,Cheque
MSNR7171,07-12-2019,35000,35000,6300,Cheque
MSNR7171,07-12-2019,35000,35000,6300,Cheque
MRCS7078,15-07-2023,3000,3000,540,Cash
MTNV7225,18-02-2020,7000,7000,1260,Cheque
MPGA7034,05-08-2019,6000,2000,1080,Cash
MTBM7202,27-02-2020,5000,5000,900,Cheque
MENR6654,20-04-2019,15000,15000,2700,Cheque
MSBP7142,14-03-2023,8000,8000,1440,No Data
MHYM6838,01-08-2023,12000,12000,2160,Cheque
MCNG6531,30-09-2020,21240,21240,3823.2,Cheque
MHAJ6748,28-08-2019,6000,5085,1080,Cheque
MHCV6811,30-11-2023,10000,10000,1800,Cheque
MBYS6412,16-05-2023,15000,15000,2700,Cash
MCNR6546,21-10-2019,5500,5500,990,Cash
MDYS6600,05-11-2019,23600,23600,4248,Cheque 
MDYS6600,05-11-2019,23600,23600,4248,Cheque
MDYS6600,05-11-2019,23600,23600,4248,Cheque
NEAP7415,26-08-2023,14160,12000,2548.8,Online
NMNM7598,06-05-2023,10000,10000,1800,Online
NFNM7469,11-11-2019,0,0,0,Cash
NFNM7469,11-11-2019,0,0,0,No Data
NFNM7469,11-11-2019,0,0,0,No Data
NFNM7470,27-01-2023,14160,14160,2548.8,Cheque
NSWA7745,13-08-2019,11800,10000,2124,Cheque
NENM7447,26-11-2019,10000,10000,1800,Cheque 
NENM7447,26-11-2019,10000,10000,1800,Cheque
NENM7447,26-11-2019,10000,10000,1800,Cheque
NHNG7534,05-06-2019,11800,11800,2124,Cheque
NJBV7561,31-07-2019,8500,7203,1530,Cheque
NPBD7635,24-11-2021,8000,5000,1440,Online 
NHNM7539,12-11-2021,41000,41000,7380,Cheque
NHNK7538,29-08-2021,15000,15000,2700,Cheque
NSBA7699,20-04-2023,7080,6000,1274.4,Cheque
NSBP7699,20-04-2023,7080,6000,1274.4,Cheque
NCAS7306,03-12-2019,10000,10000,1800,Online
NCAS7306,03-12-2019,10000,10000,1800,Online
NCAS7306,03-12-2019,10000,10000,1800,Online
NENP7448,21-02-2020,5000,5000,900,Cheque
NHAS7488,05-07-2023,7000,7000,1260,Cash
NLaR7568,24-12-2019,7999,7999,1439.82,Cheque
NPAN7620,24-12-2019,7999,7999,1439.82,Cheque
NPAN7620,24-12-2019,7999,7999,1439.82,Cheque
NCCV7275,30-11-2023,11800,10000,2124,Cheque
NTCS7754,11-05-2023,10000,10000,1800,Online
NHAS7489,04-03-2020,11000,11000,1980,Cheque
NBAA7260,23-10-2019,23600,23600,4248,Cheque  
NBCG7273,19-09-2019,14160,12000,2548.8,Cheque 
NAND7255,26-10-2020,10000,10000,1800,Cheque 
NPAS7628,22-08-2019,0,0,0,No Data
NAAS7240,22-08-2019,10900,5000,1962,Cash
NAAS7240,16-09-2019,10900,5900,1962,Cheque 
NCAP7303,10-08-2023,6500,6500,1170,Cheque
NNCP7608,26-10-2023,10000,10000,1800,Cheque
NCCS7334,25-07-2023,32000,22000,5760,Cash
NOAG7616,06-05-2023,15000,15000,2700,Cash
NECG7438,27-12-2019,5900,5000,1062,Cheque
NECG7438,27-12-2019,5900,5000,1062,Cheque
NECG7438,27-12-2019,5900,5000,1062,Cheque
NINV7559,24-01-2023,20000,20000,3600,Cash
NINV7559,14-03-2023,7000,7000,1260,Cash
NLNM7572,19-11-2019,17700,17700,3186,Cheque 
NLNM7572,19-11-2019,17700,17700,3186,Cheque
NLNM7572,19-11-2019,17700,17700,3186,Cheque
NNBD7604,07-04-2022,7000,7000,1260,Online
NCNA7352,14-01-2020,29500,29500,5310,Cheque
NCNA7352,14-01-2020,29500,29500,5310,Cheque
NHNG7536,10-11-2020,17700,17700,3186,No Data
NOWA7619,22-07-2019,8260,7000,1486.8,Cheque
NEAP7417,07-08-2023,35000,35000,6300,Online
NCNG7364,11-09-2023,65000,65000,11700,Online
NCNG7364,05-09-2022,48970,48970,8814.6,Online
NNNG7614,03-10-2019,14750,14750,2655,Cash
NCNG7357,30-09-2020,21240,21240,3823.2,Cheque 
NHBP7511,24-02-2023,15000,15000,2700,Cash
NMBD7584,04-06-2022,15000,15000,2700,Online
NHAP7487,22-06-2023,23600,20000,4248,Cheque
NSBP7725,18-01-2023,13000,13000,2340,Online
NWBV7771,25-10-2019,5000,5000,900,Cheque 
NSCR7731,20-12-2022,10000,10000,1800,cheque
NGNB7478,24-01-2020,14160,12000,2548.8,Cheque
NGNB7478,24-01-2020,14160,12000,2548.8,Cheque
NSNM7741,26-11-2019,14160,14160,2548.8,Cheque 
NSNM7741,26-11-2019,14160,14160,2548.8,Cheque
NSNM7741,26-11-2019,14160,14160,2548.8,Cheque
NFCV7464,22-02-2023,15000,15000,2700,Cash
NPND7655,10-05-2019,10000,10000,1800,Cheque
NCBD7320,18-07-2022,10620,9000,1911.6,Cheque
NPBD7637,24-02-2022,11800,11800,2124,Cheque
NEAP7420,07-04-2023,9440,8000,1699.2,Cheque
NHNR7537,24-06-2020,23600,23600,4248,No Data
NHNG7537,10-03-2023,17700,17700,3186,Cheque
NECV7253,14-03-2023,10000,10000,1800,Cash
NHNS7546,28-12-2019,41300,17500,7434,Cheque
NHNS7546,18-02-2020,41300,17500,7434,Cheque
NHNS7546,28-12-2019,41300,17500,7434,No Data
NHNS7546,28-12-2019,41300,17500,7434,Cheque
NHNS7546,27-06-2019,5750,5750,1035,Cheque
NHNS7546,05-07-2019,15340,15340,2761.2,Cheque
NCNS7368,31-01-2020,8000,8000,1440,Cheque
NCNS7368,31-01-2020,8000,8000,1440,Cheque
NSBD7713,18-09-2019,11800,10000,2124,Online 
NSBM7716,13-01-2020,20000,20000,3600,Cheque
NSBD7716,13-01-2020,20000,20000,3600,Cheque
NHAS7490,27-08-2019,9440,8000,1699.2,Cheque
NPBD7639,27-06-2022,13000,13000,2340,Online
NBCV7279,06-05-2019,22000,22000,3960,Cheque
NHCV7526,20-06-2019,8850,8850,1593,Cheque
NNnG7615,15-05-2023,6000,6000,1080,Online
NWAS7615,04-05-2019,10000,10000,1800,Cheque
OSNR7953,07-08-2019,6000,5084,1080,Cheque
OSBP7949,15-09-2021,15320,15320,2757.6,Cash
OPAS7778,25-10-2019,8000,8000,1440,Online
OHAS7879,18-07-2023,10000,10000,1800,Cheque
OBBV7796,06-09-2019,8260,7000,1486.8,Cheque 
OHAS7880,13-03-2020,6000,6000,1080,Cheque
ORND7930,08-10-2020,5500,5500,990,Cheque 
OCNG7833,01-01-2021,0,0,0,Cheque
OSNS7956,10-02-2020,14260,12085,2566.8,Cheque
OHBP7883,11-08-2023,9440,8000,1699.2,Cheque
ODYS7844,18-11-2019,29500,29500,5310,Cheque  
ODYS7844,18-11-2019,29500,29500,5310,Cheque
ODYS7844,18-11-2019,29500,29500,5310,Cheque
OABD7783,22-07-2019,10000,8475,1800,Cheque
OHPD7892,28-11-2021,8260,8260,1486.8,Online 
OSBA7822,05-12-2019,8500,8500,1530,Cheque
OSBA7822,05-12-2019,8500,8500,1530,Cheque
OSBA7822,05-12-2019,8500,8500,1530,Cheque
OFAP7863,28-02-2023,12000,12000,2160,Cheque
ODAJ7836,05-10-2019,11800,10000,2124,Online 
OTNG7969,10-04-2019,8000,8000,1440,Cheque
OLNM7901,21-01-2020,29500,29500,5310,Cheque
OLNM7901,21-01-2020,29500,29500,5310,Cheque
ORNS7935,02-07-2019,10000,10000,1800,Cash
PCNR8143,03-09-2019,11800,10000,2124,Cheque 
PCCV8107,14-12-2022,14160,14160,2548.8,Online
PBCG8036,10-07-2023,10000,10000,1800,Cheque
PTBD8640,06-08-2019,10620,10620,1911.6,Cash
PPCJ8332,25-08-2022,12000,12000,2160,Online
PJAS8370,10-01-2023,7080,6000,1274.4,Online
PJAS8370,15-02-2023,7080,6000,1274.4,Online
PJAS8370,31-03-2023,7080,6000,1274.4,Online
PJAS8370,08-05-2023,7080,6000,1274.4,Online
PJAS8370,16-06-2023,6960,6000,1252.8,Online
PJAS8370,19-07-2023,7080,6000,1274.4,Online
PJAS8370,23-08-2023,6960,6000,1252.8,Online
PJAS8370,28-09-2023,6960,6000,1252.8,Online
PJAS8370,30-10-2023,10000,9800,1800,Online
PJAS8370,24-09-2022,21240,18000,3823.2,Online
PJAD8370,03-12-2022,7080,6000,1274.4,Online
PCCV8117,21-06-2023,11800,10000,2124,Cheque
PCNJ8118,09-09-2019,17700,15000,3186,Cheque 
PTAP8458,13-06-2023,10000,5000,1800,Cash
PCBM8097,27-07-2021,11000,11000,1980,Online 
PEYS8225,31-05-2023,21240,18000,3823.2,Cheque
PHBD8318,08-06-2019,10000,10000,1800,Cheque
PCNG8142,13-10-2020,14160,14160,2548.8,Cheque 
PRNP8573,03-03-2020,5000,5000,900,Cheque
PPNG8343,10-05-2022,10000,10000,1800,Online
PHAJ8285,06-12-2022,15000,12000,2700,Cash
PHNV8355,04-02-2020,12980,11000,2336.4,Cheque
PHNV8355,04-02-2020,12980,11000,2336.4,Cheque
PPCV8511,23-05-2019,8000,8000,1440,Cash
PTPA8658,01-11-2019,23600,23600,4248,Cheque 
PTPA8658,01-11-2019,23600,23600,4248,Cheque
PTPA8658,01-11-2019,23600,23600,4248,Cheque
PSAP8581,28-06-2023,14160,12000,2548.8,Cheque
PDWA8191,05-07-2019,0,0,0,No Data
PGAJ8258,21-08-2019,11800,10000,2124,Cheque
PEAG7984,22-07-2023,12000,10170,2160,Online
PCNR8147,28-10-2020,14160,14160,2548.8,Online
PDAA8155,14-09-2022,23600,0,4248,Cheque
PDAA8155,29-10-2022,23600,0,4248,Cheque
PINA8365,21-02-2023,17700,15000,3186,Cheque
PINA8365,21-02-2023,9440,8000,1699.2,Cheque
PPBD8482,29-04-2022,0,0,0,No Data
PCNR8148,16-04-2019,9675,9675,1741.5,Cheque
PPNM8535,19-02-2020,17700,11800,3186,Cheque
PPNM8535,29-02-2020,5900,5900,1062,Cheque
PCAV8079,03-12-2019,17700,15000,3186,Cheque
PCAV8079,03-12-2019,17700,15000,3186,Cheque
PCAV8079,03-12-2019,17700,15000,3186,Cheque
PCWA8152,26-06-2019,7000,4000,1260,Cheque
PCWA8152,26-06-2019,0,0,0,No Data
PCWA8152,20-08-2019,7000,3000,1260,Cash
PHNG8349,20-11-2021,53100,53100,9558,Cheque
PHNG8349,20-01-2022,33900,33900,6102,Cheque
PSNM8623,27-02-2020,20000,20000,3600,Cash
PPNR8544,31-08-2019,7080,6000,1274.4,Cheque
PPNK8534,16-02-2021,20000,3600,3600,Online 
PAAP7980,14-06-2023,6000,6000,1080,Cash
PCWA8153,01-07-2019,8000,5000,1440,Cheque
PCWA8153,28-08-2019,8000,3000,1440,Online
PPBD8488,05-10-2019,10000,10000,1800,Cheque  
PFAV8241,06-11-2019,10000,5000,1800,Cheque 
PFAV8241,06-11-2019,10000,5000,1800,Cheque
PFAV8241,06-11-2019,10000,5000,1800,Cheque
PSNA8447,14-02-2023,11800,11800,2124,Cash
PGBM8266,12-11-2019,9000,9000,1620,Cheque 
PGBM8266,12-11-2019,9000,9000,1620,Cheque
PGBM8266,12-11-2019,9000,9000,1620,Cheque
PDBD8174,28-10-2022,11800,11800,2124,Cash
PLBS8104,27-11-2019,7080,6000,1274.4,Cheque 
PLBS8104,27-11-2019,7080,6000,1274.4,Cheque
PLBS8104,27-11-2019,7080,6000,1274.4,Cheque
PCND8137,14-12-2019,23128,23128,4163.04,Cheque
PCND8138,14-12-2019,23128,23128,4163.04,Cheque
PCND8138,14-12-2019,23128,23128,4163.04,Cheque
PMBD8414,07-02-2020,15000,10000,2700,Cash
PEBM8206,07-02-2020,15000,10000,2700,Cash
PFCV8247,01-12-2022,11800,11800,2124,Cheque
PLNA8400,25-03-2023,10000,8475,1800,Cheque
PJAS8372,07-12-2019,8260,7000,1486.8,Cash
PJAS8372,07-12-2019,8260,7000,1486.8,Cash
PJAS8372,07-12-2019,8260,7000,1486.8,Cash
PJAS8374,14-10-2022,14160,14160,2548.8,Online
PRAM8554,27-05-2023,5900,5000,1062,Cheque
PPAD8457,20-06-2019,7500,7500,1350,Cheque
PNMN8446,04-11-2019,14160,6000,2548.8,Cheque  
PNMN8446,04-11-2019,14160,12000,2548.8,Cheque
PNMN8446,04-11-2019,14160,12000,2548.8,Cheque
PNMN8446,12-08-2019,11800,10000,2124,Cheque
PCAV8080,09-12-2019,5900,5000,1062,Cheque
PCAV8080,09-12-2019,5900,5000,1062,Cheque
PCAV8080,09-12-2019,5900,5000,1062,Cheque
PBBD8030,30-03-2023,10000,10000,1800,Online
PHBP8313,09-06-2023,12000,12000,2160,Cheque
PMBV8418,19-10-2019,8000,8000,1440,Cheque 
PMNR8437,30-08-2019,8000,5000,1440,Cash
PMNR8437,16-10-2019,8000,5000,1440,Cash
PHNR8353,01-08-2019,8260,7000,1486.8,Cheque
PCNS8151,08-02-2020,7000,7000,1260,Cash
PCNS8151,08-02-2020,7000,7000,1260,Cash
PCAN8067,20-12-2019,5900,5900,1062,Cheque
PCAN8067,20-12-2019,5900,5900,1062,Cheque
PCAN8067,20-12-2019,5900,5900,1062,Cheque
PDNM8185,24-01-2020,14160,14160,2548.8,No Data
PDNM8185,24-01-2020,14160,14160,2548.8,Cash
PFNM8253,04-01-2020,41300,41300,7434,Cheque
PFNM8253,04-01-2020,41300,41300,7434,Cheque
PFNM8253,04-01-2019,0,0,0,No Data
PFNM8253,04-01-2020,0,0,0,No Data
PHBP8314,05-10-2023,10000,5000,1800,Cash
PHAP8305,21-03-2023,8000,8000,1440,Cheque
PGND8281,29-04-2019,11000,11000,1980,Cheque
PJND8386,05-07-2022,7999,7999,1439.82,Cheque
PTAP8631,22-06-2023,15000,10000,2700,Cheque
PSNM8624,20-11-2019,5000,4237,900,Cash
PSNM8624,20-11-2019,5000,4237,900,Cash
PSNM8624,20-11-2019,5000,4237,900,Cash
PPCV8519,24-05-2019,8000,8000,1440,Cash
PANP8002,08-08-2023,10260,9000,1846.8,Online
PPNR8549,30-08-2019,8000,8000,1440,Cash
PCYV8154,13-07-2023,7000,5000,1260,Cash
PENM8221,07-03-2020,18560,15729,3340.8,Cheque
PSBD8602,18-12-2019,9440,9440,1699.2,Cheque
PSBD8602,18-12-2019,9440,9440,1699.2,Cheque
PSBD8602,18-12-2019,9440,9440,1699.2,Cheque
QECV8678,04-08-2023,17700,15000,3186,Cheque
QECV8678,06-10-2022,29500,25000,5310,cheque
QFAA8680,07-09-2022,12000,12000,2160,Cheque
QFAA8680,20-09-2022,12000,12000,2160,Cheque
RPBD9179,16-02-2022,7500,7500,1350,Online
RMnV9135,13-06-2023,17700,15000,3186,Cheque
RCCG8816,08-07-2023,11800,5000,2124,Cheque
RANG8716,29-01-2021,17700,17700,3186,Online 
RGWA9001,16-08-2019,11800,10000,2124,Cheque
RLAA9091,22-01-2020,9000,9000,1620,Online
RLAA9091,22-01-2020,9000,9000,1620,Online
RRNG9248,11-05-2022,14160,14160,2548.8,Online
RENM8933,28-11-2019,16992,14400,3058.56,Cheque 
RENM8933,28-11-2019,16992,14400,3058.56,Cheque
RENM8933,28-11-2019,16992,14400,3058.56,Cheque
RANG8717,17-07-2023,36580,16950,6584.4,Online
RCNR8858,01-10-2019,10000,10000,1800,Cheque 
RCNR8859,10-11-2021,13500,13500,2430,Online 
RCNR8860,01-06-2019,35000,35000,6300,Cheque
RCNR8860,15-05-2019,15000,15000,2700,Cheque
RRNG9249,31-05-2022,0,0,0,No Data
RPBP9187,25-08-2023,11800,10000,2124,Cheque
RSCV9283,17-03-2023,10000,10000,1800,Cash
RINR9074,15-04-2019,5900,5900,1062,Cheque
RAnS8720,15-05-2023,10000,10000,1800,Cheque
RPAP9156,06-09-2023,9000,9000,1620,Cheque
RAAS8701,15-05-2019,8000,8000,1440,Cheque
RCCV8823,25-08-2023,11800,10000,2124,Cheque
RJGA9085,29-08-2019,0,0,0,No Data
RSBS9278,27-07-2023,5000,5000,900,Cash
RUNR9330,04-05-2019,10000,10000,1800,Cheque
RHAJ9002,18-09-2019,15000,15000,2700,Cash
RSAS9260,03-09-2019,7000,7000,1260,Cash
RLBP9094,30-12-2019,7080,6000,1274.4,Cheque
RLBP9094,30-12-2019,7080,6000,1274.4,Cheque
RLBP9094,30-12-2019,7080,6000,1274.4,Cheque
RTBA9306,29-11-2023,15000,15000,2700,Cash
RHAP9010,18-02-2023,12000,6000,2160,Cheque
RHAP9010,18-02-2023,0,0,0,Cheque
RMNG9132,25-09-2020,22125,18750,3982.5,Cheque
RCCV8829,09-10-2023,10000,10000,1800,Cash
RENK8932,28-02-2021,10000,10000,1800,Cheque
REND8928,19-09-2021,10000,10000,1800,Online 
REND8928,20-07-2019,3540,3000,637.2,Cheque
REAP8910,25-04-2023,10000,10000,1800,Online
RANS8721,30-12-2019,14160,14160,2548.8,Cheque
RANS8721,30-12-2019,14160,14160,2548.8,Cheque
RANS8721,30-12-2019,14160,14160,2548.8,Cheque
RCCV8832,15-12-2022,15000,7500,2700,Cheque
RAAV8702,15-01-2020,6000,6000,1080,Cheque
RAAV8702,15-01-2020,6000,6000,1080,Cheque
RNNG9131,03-05-2022,23600,10000,4248,Cheque
RNNG9131,03-06-2022,23600,13600,4248,Cheque
RNNG9131,03-06-2022,13600,13600,2448,Cheque
RANP8718,29-04-2023,13000,13000,2340,Cheque
RWNA9340,15-10-2022,12000,6000,2160,Cheque
RHNM9050,26-05-2023,5000,4237,900,Cash
RCNG8852,12-01-2021,14160,14160,2548.8,Cash
RLNP9102,06-03-2020,5000,5000,900,Online
RCNG8853,03-08-2019,29500,25000,5310,Cheque
RHNR9055,04-10-2019,6000,6000,1080,Cheque  
RPBP9188,29-03-2023,8000,8000,1440,Cheque
RIBM9068,04-01-2019,10000,8475,1800,Cheque
RIBM9068,04-01-2020,10000,8475,1800,Cheque
RENR8938,04-10-2019,5000,5000,900,Cheque  
RMAS9109,04-03-2020,7000,7000,1260,Cheque
RGBM8987,15-01-2020,25960,22000,4672.8,Online
RGBM8987,15-01-2020,25960,22000,4672.8,Online
RCBD8807,03-09-2021,22000,17000,3960,Cash
RIBD9067,08-09-2021,9000,6000,1620,Online 
RMBD9112,25-01-2022,9000,3000,1620,Online
RMCV9129,26-09-2022,10000,10000,1800,Cash
RCCV8837,08-11-2022,24000,24000,4320,Online
RRND9245,20-10-2022,11800,11800,2124,Cash
RRND9245,07-12-2022,11800,11800,2124,Cash
RBNP8756,13-12-2019,6000,6000,1080,Cash
RBNP8756,13-12-2019,6000,6000,1080,Cash
RBNP8756,13-12-2019,6000,6000,1080,Cash
RHNM9051,06-02-2020,23600,23600,4248,Cheque
RLNA9101,06-02-2020,23600,23600,4248,Cheque
RRNA9241,05-12-2019,23600,23600,4248,Cheque
RRNA9241,05-12-2019,23600,23600,4248,Cheque
RRNA9241,05-12-2019,23600,23600,4248,Cheque
RCNR8869,10-07-2019,5000,5000,900,Cash
RFYM8973,03-08-2023,8000,8000,1440,Cheque
RWAP8729,05-06-2023,10000,8475,1800,Cash
RBHD8751,14-10-2019,6000,3000,1080,Cheque  
RDCA8889,11-10-2019,10000,10000,1800,Cash
RSNG9292,05-04-2019,10000,10000,1800,Cheque
RCND8851,01-04-2019,12000,12000,2160,Cheque
REND8931,30-10-2020,8260,7000,1486.8,Cheque
RRNG9247,26-04-2022,5900,5900,1062,Cheque
RCNK8855,25-02-2021,18000,0,3240,Cheque
RHND9048,17-09-2021,10000,10000,1800,Cheque 
RMCR9121,13-12-2022,12000,12000,2160,Online
RMBD9114,17-09-2022,9000,5000,1620,Online
RENP8935,20-03-2020,9500,9500,1710,Cheque
SPCV11096,09-08-2023,14160,12000,2548.8,Cash
SFNV10381,05-12-2019,11800,10000,2124,Cheque
SFNV10381,05-12-2019,11800,10000,2124,Cheque
SFNV10381,05-12-2019,11800,10000,2124,Cheque
SHBP10494,20-03-2023,8850,7500,1593,Cash
SSNR11457,07-01-2020,7080,7080,1274.4,Cheque
SDCV10071,11-06-2019,0,0,0,No Data
SSND11432,06-05-2019,10000,10000,1800,Cheque
SACV9445,23-09-2023,10000,10000,1800,Cheque
SFNV10382,26-12-2019,11800,10000,2124,Cheque
SFNV10382,26-12-2019,11800,10000,2124,Cheque
SFNV10382,26-12-2019,11800,10000,2124,Cheque
SPCV11099,14-10-2023,17700,15000,3186,Cheque
SLNM10786,08-11-2019,11017,11017,1983.06,Cheque 
SLNM10786,08-11-2019,11017,11017,1983.06,Cheque
SLNM10786,08-11-2019,11017,11017,1983.06,Cheque
SHND10626,30-11-2022,17700,17700,3186,Online
SRNP11269,04-12-2019,11800,10000,2124,Cheque
SRNP11269,04-12-2019,11800,10000,2124,Cheque
SRNP11269,04-12-2019,11800,10000,2124,Cheque
SIAS9842,22-05-2019,5000,5000,900,Cheque
SIAS9842,30-09-2019,8000,8000,1440,Cash
SIAS9842,25-03-2023,6000,6000,1080,Online
SHBD10519,17-08-2019,5000,4237,900,Cheque
SBBV9581,26-08-2019,11800,10000,2124,Cheque
STBV11549,19-07-2019,17700,15000,3186,Cheque
SLBV10766,14-08-2019,8500,7203,1530,Cheque
SONG10965,23-11-2021,11800,11800,2124,Cheque
SPbM11069,28-12-2019,11800,10000,2124,Cheque
SFBD10310,28-12-2019,11800,10000,2124,Cheque
SFBD10310,28-12-2019,11800,10000,2124,Cheque
SHBD10520,08-02-2023,11800,11800,2124,Cheque
SAAS9385,12-01-2023,10000,0,1800,Cheque
SHAJ10445,25-12-2019,8260,8260,1486.8,Cheque
SHAJ10445,25-12-2019,8260,8260,1486.8,Cheque
SHAJ10445,25-12-2019,8260,8260,1486.8,Cheque
SSCV11410,19-04-2023,10000,10000,1800,Cheque
SPNC11129,05-10-2020,6000,6000,1080,Online 
SPAS11019,07-05-2019,10000,10000,1800,Cheque
SRND11261,24-12-2019,0,0,0,No Data
SRND11261,24-12-2019,0,0,0,No Data
SLNM10787,10-02-2020,17700,17700,3186,Cash
SEBP10198,06-02-2023,12000,12000,2160,Cheque
SGCV10427,17-06-2023,14160,12000,2548.8,Cheque
SHCV10595,27-01-2023,12000,12000,2160,Online
SNCA10935,12-10-2019,23600,23600,4248,Cash
STNV11595,04-02-2020,5000,5000,900,Cheque
STNV11595,04-02-2020,5000,5000,900,Cheque
SBHD9605,09-10-2019,9000,9000,1620,Cash
SBNP9624,19-02-2020,5000,5000,900,Cheque
SMCV10865,24-05-2019,15000,15000,2700,Cheque
SONR10977,31-10-2019,10000,10000,1800,Cheque 
SCCV9847,02-06-2023,21800,21800,3924,Online
SCCV9847,06-12-2023,10700,10700,1926,Online
SHnG10646,13-06-2023,59000,0,10620,Cheque
SFCV10334,22-08-2023,16000,16000,2880,Cash
SPWA11183,31-07-2019,0,0,0,Cheque
SLNR10792,17-09-2019,11800,10000,2124,Cheque 
SBYV9634,31-07-2023,6000,6000,1080,Cash
SENA10229,27-01-2023,0,0,0,No Data
SCNS9959,06-03-2020,14160,14160,2548.8,Cheque
SMAS10825,31-05-2019,12000,12000,2160,Cheque
SAHD9474,01-06-2020,3500,3500,630,No Data
SAHD9475,01-06-2019,7000,3500,1260,No Data
SAND9479,24-12-2019,3500,3500,630,No Data
SDNG10109,29-09-2023,8000,8000,1440,Online
SNBD10933,04-02-2020,17700,17700,3186,Cash
SRBM11231,04-02-2020,17700,17700,3186,Cash
SWAS10005,17-07-2019,9440,8000,1699.2,Cheque
SLBM10759,20-01-2020,15000,12712,2700,Cheque
SMBD10759,20-01-2020,15000,12712,2700,Cheque
SPBD11052,12-04-2019,10000,10000,1800,Cheque
SAAS9386,28-07-2023,17700,7000,3186,Cheque
SMAP9386,11-09-2023,10700,9067,1926,Cheque
SCAJ9645,28-09-2019,10000,10000,1800,Cheque  
SNNG10941,23-04-2019,0,0,0,No Data
SCBM9777,23-01-2020,8000,8000,1440,Cheque
SCBM9777,23-01-2020,8000,8000,1440,Cheque
SDAS10006,26-11-2019,5000,5000,900,Cheque
SDAS10006,26-11-2019,5000,5000,900,Cheque
SDAS10006,26-11-2019,5000,5000,900,Cheque
SDNP10113,20-10-2023,50000,50000,9000,Cash
SPSP11182,12-02-2023,10000,10000,1800,Cash
SPSP11182,20-03-2023,10000,10000,1800,Cash
SPSP11182,11-05-2023,10000,10000,1800,Online
SMBV10862,22-07-2019,5900,5000,1062,Cheque
SBBP9575,12-02-2023,12000,12000,2160,Online
SMNA10880,23-11-2022,10000,8000,1800,Online
SPNA11127,24-12-2019,29500,29500,5310,Cheque
SPNA11127,24-12-2019,29500,29500,5310,Cheque
SPNA11127,24-12-2019,29500,29500,5310,Cheque
SCNR9940,29-07-2019,8000,5000,1440,Cash
SRBD11219,06-07-2019,9000,9000,1620,Online
SANo DA9496,13-03-2023,47200,40000,8496,Cheque
SHBP10554,20-06-2023,12000,12000,2160,Cheque
SHCV10603,18-08-2023,15000,15000,2700,Cash
SENM10247,10-12-2019,24000,14000,4320,Cheque
SENM10247,10-12-2019,24000,24000,4320,Cheque
SENM10247,10-12-2019,24000,24000,4320,Cheque
SSAG11281,15-05-2023,15000,15000,2700,Cheque
SBBD9562,26-02-2022,23600,10000,4248,Cheque
SENS10259,20-01-2020,10000,6000,1800,No Data
SENS10259,20-01-2020,10000,6000,1800,Cheque
SLNP10789,14-02-2020,6000,6000,1080,Cheque
SLBM10760,21-01-2020,25000,21186,4500,Cheque
SLBM10760,21-01-2020,25000,21186,4500,Cheque
SHAN10455,22-01-2020,10000,8475,1800,Cheque
SHAN10455,22-01-2020,10000,8475,1800,Cheque
SMNG10902,18-07-2023,11800,10000,2124,Cheque
SMNG10902,25-07-2023,17700,15000,3186,Cheque
SGCR10422,07-11-2022,8000,8000,1440,Online
SBAS9538,07-10-2019,8000,8000,1440,Cheque 
SEBV10205,14-08-2019,25000,21186,4500,Cheque
SFNC10353,05-11-2019,12980,11000,2336.4,No Data
SFNC10353,05-11-2019,12980,11000,2336.4,No Data
SFNC10353,05-11-2019,12980,11000,2336.4,No Data
SCNS9960,04-07-2023,112100,95000,20178,No Data
SONJ10974,16-09-2019,7080,6000,1274.4,Cheque 
SACV9453,23-11-2022,17700,17700,3186,cheque
STNA11576,06-01-2019,10620,9000,1911.6,Cheque
STNA11576,06-01-2020,10620,9000,1911.6,Cheque
SHNR10661,31-07-2019,18800,16000,3384,Cheque
SPAJ10985,23-10-2019,15000,17700,2700,Cheque 
SMCJ10863,25-08-2022,30000,30000,5400,Cheque
STNR11589,11-09-2020,17700,5000,3186,Cash
STNR11589,30-09-2020,5000,5000,900,Cash
SAAV9392,05-02-2020,5500,5500,990,Cash
SAAV9392,05-02-2020,5500,5500,990,Cash
SHBV10576,16-09-2019,11800,10000,2124,Cheque 
SRBD11222,22-06-2019,7000,7000,1260,Cash
SCAS9695,23-01-2020,7000,7000,1260,No Data
SCAP9695,23-01-2020,7000,7000,1260,Cheque
SBAA9508,16-11-2019,15000,15000,2700,Cheque 
SBAA9508,16-11-2019,15000,15000,2700,Cheque
SBAA9508,16-11-2019,15000,15000,2700,Cheque
SPCG11093,21-09-2019,23600,23600,4248,Cheque 
SDBV10068,08-08-2019,8200,6950,1476,Cheque
SNNR10944,25-10-2019,10620,10620,1911.6,Cheque 
SACV9456,15-06-2023,15000,12712,2700,Online
SRNR11271,04-07-2019,7000,7000,1260,Online
SMCV10867,15-06-2023,10000,8474,1800,Online
SMCV10867,03-08-2019,11800,10000,2124,Cheque
SRNS11277,30-07-2023,17700,15000,3186,Online
STNM11584,21-11-2019,35400,15000,6372,Cheque  
STNM11584,21-11-2019,35400,15000,6372,Cheque
STNM11584,21-11-2019,35400,15000,6372,Cheque
STNM11585,17-05-2019,41300,21300,7434,Cheque
SSBD11360,11-05-2022,8260,7000,1486.8,Cheque
SNAA10925,20-09-2022,0,0,0,No Data
SFNG10366,23-04-2019,10000,10000,1800,Cheque
SACR9438,27-12-2022,14160,14160,2548.8,cheque
STcM10868,05-05-2023,27700,25000,4986,Cheque
SFBV10329,22-07-2019,11800,10000,2124,Cheque
SSNM11453,12-03-2020,11800,11800,2124,Cheque
SHYP10677,06-07-2023,7000,7000,1260,Cash
SPBP11082,25-03-2023,14160,5932,2548.8,Cash
SPBP11082,26-05-2023,7160,5932,1288.8,Cash
SHBP10561,01-06-2023,17700,15000,3186,Cheque
SPWA10410,10-08-2019,14160,5932,2548.8,Cheque
SPWA10410,09-10-2019,14160,5932,2548.8,Cheque 
STID11573,12-06-2023,7080,7080,1274.4,Cash
SENP10249,06-03-2020,6000,6000,1080,Cheque
SMND10890,02-09-2020,8260,7000,1486.8,Cheque
SSAP9993,19-06-2023,12000,7000,2160,Cash
SANP9497,23-11-2023,12000,12000,2160,Online
SDND10099,07-10-2020,9000,9000,1620,Cheque 
SHNR10664,16-03-2020,12000,12000,2160,Cheque
SHNR10664,17-03-2020,7000,7000,1260,Cheque
SSNM9930,22-11-2019,18000,15255,3240,Cheque 
SSNM9930,22-11-2019,18000,15255,3240,Cheque
SSNM9930,22-11-2019,18000,15255,3240,Cheque
SFAP10289,23-06-2023,11000,5000,1980,No Data
SABA9402,04-11-2019,5500,5500,990,Cheque 
SABA9402,04-11-2019,5500,5500,990,Cheque
SABA9402,04-11-2019,5500,5500,990,Cheque
SANR9503,06-11-2019,11800,11800,2124,Cheque
SANS9506,21-02-2020,15930,15930,2867.4,Cheque
SBNM9620,07-01-2020,20060,17000,3610.8,Cheque
SBNM9620,07-01-2020,20060,17000,3610.8,Cheque
SSAN9652,11-10-2019,12000,12000,2160,Cheque 
SSAN9652,24-12-2022,5900,5000,1062,Online
SHNG10648,23-04-2019,10000,5000,1800,Cheque
SENA10231,20-04-2023,10000,10000,1800,Cheque
STNG9916,15-10-2020,20000,20000,3600,Cheque 
SPNR11173,26-11-2020,11800,10000,2124,No Data
SDBD10038,15-10-2019,11000,11000,1980,Cheque  
SCNG9931,22-09-2020,21240,21240,3823.2,No Data
SACV9463,16-04-2019,5000,5000,900,Cheque
SPAS11027,01-10-2019,9440,8000,1699.2,Cheque 
SPAA10449,24-09-2019,10000,10000,1800,Cash
SPAA10449,12-10-2019,8000,8000,1440,Online
SCBD9783,29-01-2020,11800,11800,2124,Cheque
SSBS11398,29-01-2020,11800,11800,2124,Cheque
SCAS9726,25-11-2019,10000,10000,1800,Cheque
SCAS9726,25-11-2019,10000,10000,1800,Cheque
SCAS9726,25-11-2019,10000,10000,1800,Cheque
SHBP10563,18-08-2023,12000,12000,2160,Cheque
SANP9498,11-02-2023,9440,8000,1699.2,Cheque
SMYM10923,10-10-2023,14160,12000,2548.8,Cheque
SHBK10531,28-08-2021,11800,11800,2124,Cheque
SSNP11437,21-10-2023,35000,35000,6300,Cash
SSND11437,24-11-2023,17000,17000,3060,Cash
SEWA10261,17-07-2019,8000,6780,1440,Online
SAAS9389,17-07-2019,11800,10000,2124,Cheque
SHAP9377,19-06-2023,21000,21000,3780,Cheque
SHAP9377,24-08-2023,21000,21000,3780,Cheque
SHAP9377,04-10-2023,21000,21000,3780,Cheque
SRAA11185,11-11-2019,5000,5000,900,Cheque  
SRAA11185,11-11-2019,5000,5000,900,Cheque
SRAA11185,11-11-2019,5000,5000,900,Cheque
SDNM10112,09-06-2020,17700,17700,3186,Cheque
SDNM10112,29-02-2020,17700,17700,3186,Cheque
SDNM10112,18-03-2020,17700,17700,3186,Cheque
SRND11266,12-07-2022,10000,10000,1800,Online
SMNM9493,14-11-2019,14160,12000,2548.8,Cheque  
SRNG9493,14-11-2019,14160,12000,2548.8,Cheque
SANG9493,14-11-2019,14160,12000,2548.8,Cheque
SPYM11184,20-06-2023,6000,6000,1080,Cash
SEBP10200,10-03-2023,14160,12000,2548.8,Cheque
STYM11596,03-10-2023,10030,8500,1805.4,Cheque
SHNM9632,24-01-2020,7000,7000,1260,Cash
SBNR9632,24-01-2020,7000,7000,1260,Cash
SBNG9617,11-10-2022,5900,5900,1062,Online
SENR10254,22-10-2019,10000,10000,1800,Cheque 
SLNA10780,11-04-2023,7000,7000,1260,Cheque
SLNA10780,30-11-2019,14160,8260,2548.8,Cheque 
SLNA10780,30-11-2019,14160,8260,2548.8,Cheque
SLNA10780,30-11-2019,14160,8260,2548.8,Cheque
SRNR11275,17-04-2019,10000,10000,1800,Cheque
STAA11470,11-11-2022,17700,15000,3186,Cheque
SDAV10013,19-02-2020,12000,12000,2160,Cheque
SLNP10790,18-02-2020,6000,6000,1080,Cheque
SLNP10790,30-01-2023,6000,5085,1080,Cheque
SHYM10676,10-08-2023,7000,7000,1260,Cheque
SMNR10916,13-09-2019,12000,6000,2160,Cash
SMNR10916,23-08-2019,12000,6000,2160,Cash
SGNJ10436,19-08-2019,8000,6780,1440,Cheque
SCAS9730,25-06-2019,30000,15000,5400,Cheque
SANG9494,30-06-2023,66000,55933,11880,Cheque
SANG9494,16-06-2022,76700,65000,13806,Cheque
SHBP10569,29-11-2019,7080,6000,1274.4,Cheque 
SHBP10569,29-11-2019,7080,6000,1274.4,Cheque
SHBP10569,29-11-2019,7080,6000,1274.4,Cheque
SSNR11464,17-06-2019,9000,9000,1620,Cheque
SHBD10537,09-03-2023,20060,20060,3610.8,Cash
SHBD10537,27-07-2022,9440,6000,1699.2,Cash
SHBD10537,17-08-2022,9440,9440,1699.2,Cash
SSBD11367,11-05-2022,8260,8260,1486.8,Online
SDNR10122,26-08-2019,7080,6000,1274.4,Cheque
SNNN10943,29-02-2020,6000,6000,1080,Cheque
SCCV9875,17-03-2023,15000,15000,2700,Cash
SITS10704,30-07-2023,17700,15000,3186,Online
SPCV11118,17-02-2023,47000,27000,8460,Online
SLCV10776,04-09-2023,11800,5000,2124,Cheque
SENA10232,27-01-2023,0,0,0,No Data
SANA9477,09-11-2021,26550,22500,4779,Cheque
SANA9477,02-12-2021,35400,30000,6372,Cheque
SANA9477,24-02-2022,35400,30000,6372,cheque
SENR10257,19-09-2019,6000,6000,1080,Cheque 
SCNM9936,29-02-2020,14160,14160,2548.8,Cheque
SCNM9921,09-03-2021,14750,14750,2655,Cheque 
SLNM10788,21-02-2020,46920,46920,8445.6,Cheque
SGAV10275,14-01-2020,8000,8000,1440,Cheque
SGAV10275,14-01-2020,8000,8000,1440,Cheque
SCNG9932,22-01-2020,0,0,0,No Data
SCNG9932,22-01-2020,0,0,0,No Data
SHAP10473,10-08-2023,6000,6000,1080,Cash
STNA11579,07-04-2023,10000,8475,1800,Cheque
SPND11151,07-10-2020,5000,5000,900,Cheque 
SCPN9961,30-09-2022,4720,4000,849.6,Cash
SING10701,20-05-2019,7500,7500,1350,Online
STCV11570,21-11-2022,17700,15000,3186,cheque
SSNV11468,17-02-2020,14160,12000,2548.8,Cheque
SPNP11162,10-09-2023,20000,4000,3600,Cash
SPNP11163,12-02-2023,10000,10000,1800,Cash
SBNR9633,24-05-2019,5000,5000,900,Cash
SHNM10654,13-03-2020,17700,17700,3186,Cheque
SEAJ10134,24-10-2019,20000,20000,3600,Cheque 
SSNM11454,11-12-2019,15930,13500,2867.4,No Data
SSNM11454,11-12-2019,15930,13500,2867.4,Online
SSNM11454,11-12-2019,15930,13500,2867.4,Online
SSCS11404,06-02-2023,17700,17700,3186,Online
SSCS11404,13-05-2023,17700,17700,3186,Online
SDCV10085,30-04-2019,9000,9000,1620,Cheque
SEBP10203,25-04-2023,10000,10000,1800,Cheque
SCNA9903,03-01-2020,7080,7080,1274.4,Cheque
SANA9478,03-01-2020,7080,7080,1274.4,Cheque
SAAV9394,06-12-2019,9440,9440,1699.2,Cheque
SAAV9394,06-12-2019,9440,9440,1699.2,Cheque
SAAV9394,06-12-2019,9440,9440,1699.2,Cheque
SGAJ10387,24-09-2019,14160,14160,2548.8,Cheque  
SDAJ9974,06-12-2022,12000,12000,2160,cheque
SEBP10204,23-01-2023,15000,15000,2700,Cheque
SDAS10011,13-03-2023,12000,12000,2160,No Data
SEWA10262,10-08-2019,8000,8000,1440,Cash
SSAS11329,10-06-2019,10000,10000,1800,Cheque
SFNA10351,13-02-2023,5900,5000,1062,Cheque
SFNR10363,08-09-2020,9440,8000,1699.2,Cheque
SENA10233,15-02-2023,9440,8000,1699.2,Cheque
SHBD10542,13-03-2023,5000,5000,900,Cash
SDNB10090,15-01-2020,17700,17700,3186,Cheque
SDNB10090,15-01-2020,17700,17700,3186,Cheque
SECV10226,15-07-2019,5000,2500,900,Cash
SENG10246,22-11-2021,17700,17700,3186,Cheque
SSBM11378,30-11-2019,0,0,0,No Data
SSBM11378,30-11-2019,0,0,0,No Data
SSBM11378,30-11-2019,0,0,0,No Data
SJBM10721,30-11-2019,21240,8475,3823.2,Cheque 
SJBM10721,30-11-2019,21240,8475,3823.2,Cheque
SJBM10721,30-11-2019,21240,8475,3823.2,Cheque
SDWA10126,07-08-2019,9440,8000,1699.2,Cheque
SDWA10127,07-08-2019,0,0,0,No Data
SMCR10584,25-11-2022,17700,17700,3186,Cheque
SONR10978,21-06-2019,59400,59400,10692,Cheque
SHNP10656,28-08-2023,7000,7000,1260,Cheque
SFAA9737,21-11-2019,9440,8000,1699.2,Cheque 
SFAA9737,21-11-2019,9440,8000,1699.2,Cheque
SFAA9737,21-11-2019,9440,8000,1699.2,Cheque
SEBM10193,20-11-2019,22000,22000,3960,No Data
SCNP9534,03-03-2020,10000,10000,1800,Cheque
STNG11583,18-11-2019,11800,11800,2124,Online
STNG11583,18-11-2019,11800,11800,2124,Online
STNG11583,18-11-2019,11800,11800,2124,Online 
SEWS10263,24-12-2019,28320,28320,5097.6,Cheque
SEWS10263,24-12-2019,28320,28320,5097.6,Cheque
SEWS10263,24-12-2019,28320,28320,5097.6,Cheque
SHAH10443,07-01-2023,14160,12000,2548.8,Cheque
SMNP10904,25-12-2019,8094,8094,1456.92,Cheque
SMNP10904,25-12-2019,8094,8094,1456.92,Cheque
SMNP10904,25-12-2019,8094,8094,1456.92,Cheque
SSBD11377,09-05-2022,11800,5900,2124,Online
SSBD11377,14-06-2022,11800,5900,2124,Online
STAV11487,25-11-2019,5000,5000,900,Cheque 
STAV11487,25-11-2019,5000,5000,900,Cheque
STAV11487,25-11-2019,5000,5000,900,Cheque
SCCV9897,23-03-2023,12000,12000,2160,Cheque
SSND11448,21-09-2020,5500,5500,990,Cash
SFNR10380,24-09-2020,8260,7000,1486.8,Cheque
SSAS9966,10-01-2023,10000,10000,1800,Cheque
TSBP12076,28-03-2023,9440,8000,1699.2,Cheque
TRCV12029,06-09-2023,23600,20000,4248,Online
TNNG11969,23-09-2020,11800,11800,2124,Cheque
TPYM12003,23-08-2023,10030,8500,1805.4,Cash
TCNM11785,12-02-2020,17700,17700,3186,Cheque
TRNR12042,17-04-2019,22000,22000,3960,Online
TECV11687,09-12-2023,0,0,0,No Data
TTNR11670,14-09-2019,20000,16950,3600,Cheque 
TDNR11826,08-08-2019,5000,5000,900,Cash
TCCR11754,06-12-2022,6000,6000,1080,Online
TCNG11782,17-01-2022,5900,5000,1062,Online
TCNA11775,18-09-2021,5000,5000,900,Cash
TRBD12020,20-10-2023,14160,7080,2548.8,Cheque
TRBD12020,27-01-2020,17700,15000,3186,Cheque
TRBD12020,27-01-2020,17700,15000,3186,Cheque
TRAS12012,25-04-2019,10000,10000,1800,Cheque
TFNP11867,20-03-2023,8850,7500,1593,Cash
TTNA12125,20-05-2022,32000,32000,5760,Cash
TSOld JG12101,11-10-2022,10000,10000,1800,Online
TCNM11786,16-03-2020,17700,17700,3186,Cheque
TLCV11943,27-04-2023,12000,12000,2160,Cash
TKND11936,03-07-2022,11800,11800,2124,Online
TCBP11750,11-02-2023,12000,12000,2160,Cheque
TCAP11652,06-04-2023,15000,15000,2700,Cheque
TCAP11652,06-04-2023,15000,15000,2700,Cheque
TFNA11866,30-01-2023,11800,11800,2124,Cheque
TEAP11837,06-02-2023,7200,7200,1296,Cash
TDBM11815,03-12-2021,12000,12000,2160,Online 
TSNM12094,28-11-2019,14160,12000,2548.8,Cheque 
TSNM12094,28-11-2019,14160,12000,2548.8,Cheque
TSNM12094,28-11-2019,14160,12000,2548.8,Cheque
TCNJ11783,15-10-2019,5000,5000,900,Cheque  
THAA11887,29-11-2019,10000,5000,1800,Online
THAA11887,29-11-2019,10000,5000,1800,Online
THAA11887,29-11-2019,10000,5000,1800,Online
TRBV12017,20-07-2019,5000,5000,900,Cheque
TENP11851,14-02-2020,6000,6000,1080,Cheque
TCNR11794,09-07-2019,7000,7000,1260,Cash
TMGA11958,26-07-2019,5500,2000,990,Cash
TPYM12004,16-06-2023,10000,10000,1800,Cheque
TCNJ11784,31-07-2019,8260,7000,1486.8,Cheque
THAN11894,24-03-2023,27000,27000,4860,Online
THAN11894,02-05-2023,7000,7000,1260,Cash
THAN11894,24-08-2023,7000,7000,1260,Online
TUNR12131,15-10-2019,14160,14160,2548.8,Cheque  
TMNN11963,08-02-2020,7000,5932,1260,Cheque
TMNN11963,08-02-2020,7000,5932,1260,Cheque
TPBD11940,17-04-2019,8000,4000,1440,Cheque
TCNM11789,15-09-2023,10000,10000,1800,Cash
TDNR11830,14-06-2019,8000,8000,1440,Cash
TBAR11675,02-01-2020,7000,7000,1260,Cheque
TBAR11675,02-01-2020,7000,7000,1260,Cheque
TSND12092,13-04-2019,10000,10000,1800,Cheque
TSND12092,13-04-2019,0,0,0,No Data
TSND12092,13-04-2019,10000,10000,1800,Cheque
TSCV12084,22-08-2023,17700,15000,3186,Cheque
TSCV12084,21-04-2023,14160,12000,2548.8,Cheque
TAND11667,09-07-2022,5900,5900,1062,Online
TCCV11773,15-03-2023,10000,10000,1800,No Data
TIAV11926,21-09-2023,19700,19700,3546,Online
TECV11845,23-02-2023,10000,10000,1800,Cash
THBD11906,03-09-2019,11800,10000,2124,Cheque 
TTND12128,20-11-2019,10000,10000,1800,Cheque
TTND12128,20-11-2019,10000,10000,1800,Cheque
TTND12128,20-11-2019,10000,10000,1800,Cheque
TGCG11874,02-05-2023,2000,2000,360,No Data
TENS11852,02-12-2019,26250,22246,4725,Cheque
TENS11852,02-12-2019,26250,22245,4725,Cheque
TENS11852,02-12-2019,26250,22245,4725,Cheque
TENM11850,02-06-2020,15000,15000,2700,Online 
TMBD11952,27-07-2022,7080,7080,1274.4,Online
TBAV11680,26-02-2020,5000,5000,900,Cash
THNM11920,11-11-2019,18750,18750,3375,Cash
THNR11920,11-11-2019,18750,18750,3375,Cash
THNR11920,11-11-2019,18750,18750,3375,Cash
THNR11920,01-08-2019,20000,20000,3600,Cash
TLNM11945,04-02-2020,15000,15000,2700,Cash
TLNM11945,04-02-2020,15000,15000,2700,Cash
TMNG11962,25-09-2020,22125,18750,3982.5,Cheque 
TTAN12106,05-02-2020,8260,7000,1486.8,Cheque
TTAP12106,05-02-2020,8260,7000,1486.8,Cheque
UCBM12176,12-11-2019,8000,4000,1440,Cheque 
UCBM12176,12-11-2019,8000,4000,1440,Cheque
UCBM12176,12-11-2019,8000,4000,1440,Cheque
UCBM12176,11-10-2019,8000,4000,1440,Cheque 
UEAP12198,09-03-2023,5000,5000,900,Cash
UPUM12259,06-11-2019,8000,8000,1440,Cheque
UPUM12259,06-11-2019,8000,8000,1440,Cheque
UPUM12259,06-11-2019,8000,8000,1440,Cheque
UMNR12240,20-12-2020,10000,10000,1800,Cheque
UCND12186,15-05-2019,17700,17700,3186,Cheque
URBD12264,19-12-2020,12000,6000,2160,Online
UFYM12207,13-09-2023,6000,6000,1080,Cheque
UCAS12168,09-05-2019,18000,18000,3240,Cheque
UMNM12239,13-06-2020,15000,0,2700,Cash
UMNM12239,25-01-2020,29500,25000,5310,Cheque
UMNM12239,25-01-2020,29500,25000,5310,Cheque
UMNM12239,22-01-2020,7080,7080,1274.4,Cheque
UMNM12239,22-01-2020,7080,7080,1274.4,Cheque
USBD12274,27-06-2022,11000,11000,1980,Online
UHCV12220,24-05-2019,6000,1000,1080,Cash
UANG12148,22-01-2020,17700,17700,3186,Cash
USNB12148,22-01-2020,17700,17700,3186,Cash
ULNP12232,30-11-2019,5900,5900,1062,Cash
ULNP12232,30-11-2019,5900,5900,1062,Cash
ULNP12232,30-11-2019,5900,5900,1062,Cash
ULNP12232,23-10-2019,11800,10000,2124,Online
UCNM12190,18-01-2020,17700,17700,3186,Cheque
UCNM12190,18-01-2020,17700,17700,3186,Cheque
UCAN12162,21-10-2019,9440,9440,1699.2,Online 
UINM12225,29-11-2019,14160,8260,2548.8,Cheque  
UINM12225,18-12-2019,14160,14160,2548.8,Cheque
UINM12225,29-11-2019,14160,14160,2548.8,Cheque
UINM12225,18-12-2019,14160,14160,2548.8,Cheque
UINM12225,29-11-2019,14160,14160,2548.8,Cheque
UINM12225,18-12-2019,14160,5900,2548.8,Cheque
USAJ12268,16-12-2022,10000,10000,1800,cheque
ULNM12231,17-01-2020,21240,18000,3823.2,Cheque
ULNM12231,17-01-2020,21240,18000,3823.2,Cheque
UBCV12152,23-08-2019,12000,10170,2160,Cheque
VTAS12683,19-10-2019,7080,6000,1274.4,Cheque 
VGYA12481,05-11-2019,29500,29500,5310,Cheque 
VGYA12481,05-11-2019,29500,29500,5310,Cheque
VGYA12481,05-11-2019,29500,29500,5310,Cheque
VHBP12505,08-06-2023,14160,12000,2548.8,Cheque
VBBV12340,31-10-2019,15340,13000,2761.2,Cheque  
VHNP12524,27-01-2023,17700,15000,3186,Online
VHNP12524,11-03-2023,17700,15000,3186,Online
VHNP12524,25-04-2023,17700,15000,3186,Online
VMNR12575,24-05-2019,5000,5000,900,Cash
VNGA12587,20-08-2019,7080,6000,1274.4,Cheque
VABD12309,07-08-2019,8000,6770,1440,Cheque
VSBP12664,23-03-2023,11800,10000,2124,Cheque
VENA12441,19-11-2019,8475,10000,1525.5,Cheque 
VENA12441,19-11-2019,8475,10000,1525.5,Cheque
VENA12441,19-11-2019,8475,10000,1525.5,Cheque
VRND12638,22-09-2020,7080,6000,1274.4,No Data
VCNo DV12385,05-08-2023,11800,10000,2124,Cheque
VCBK12374,18-02-2021,14850,14850,2673,Online 
VHNG12522,01-11-2021,17700,10000,3186,Online 
VGBM12474,16-11-2019,0,0,0,No Data
VGBM12474,16-11-2019,0,0,0,No Data
VGBM12474,16-11-2019,0,0,0,No Data
VHNA12517,01-02-2023,15340,13000,2761.2,Cheque
VTBM12690,16-11-2019,25960,22000,4672.8,Cheque
VTBM12690,16-11-2019,25960,22000,4672.8,Cheque
VTBM12690,16-11-2019,25960,22000,4672.8,Cheque
VHAS12359,02-08-2019,10000,10000,1800,Cash
VFnS12466,28-12-2019,27140,23000,4885.2,Cheque
VENA12443,28-12-2019,27140,27140,4885.2,Cheque
VSNA12443,28-12-2019,27140,27140,4885.2,Cheque
VSNA12443,29-12-2019,0,0,0,No Data
VENA12444,29-12-2019,0,0,0,No Data
VGNG12480,28-06-2023,8000,5000,1440,Cash
VCAS12360,11-11-2019,6000,6000,1080,Cash
VCAS12360,11-11-2019,6000,6000,1080,Cash
VCAS12360,11-11-2019,6000,6000,1080,Cash
VHNG12523,28-09-2023,20000,20000,3600,Online
VHNA12518,13-03-2023,35000,22000,6300,Cash
VHNA12518,13-05-2023,16000,16000,2880,Online
VHNA12518,13-05-2023,20000,20000,3600,Online
VHNA12518,01-11-2023,10000,10000,1800,Cheque
VBND12341,02-08-2022,14160,14160,2548.8,Cheque
VPBP12615,11-10-2023,10000,8474,1800,Cheque
VCYV12400,08-07-2023,12036,10200,2166.48,Cash
VBBD12335,04-02-2020,14160,14160,2548.8,Cheque
VBBM12336,04-02-2020,14160,14160,2548.8,Cheque
VFNC12461,22-10-2020,5000,5000,900,Cheque
VSCV12666,02-11-2023,20000,20000,3600,Cheque
VSCV12666,25-01-2023,34160,34160,6148.8,Cheque
VSCV12666,13-05-2023,11800,11800,2124,Cheque
VEAP12426,31-03-2023,15000,7500,2700,No Data
VEAP12426,31-03-2023,7000,7000,1260,Cheque
VSAG12426,31-03-2023,7500,7500,1350,Cheque
VHAA12483,28-11-2019,7000,7000,1260,Cheque 
VHAA12483,28-11-2019,7000,7000,1260,Cheque
VHAA12483,28-11-2019,7000,7000,1260,Cheque
VHAA12483,11-07-2023,10030,10030,1805.4,Cash
VHBP12364,08-04-2023,8260,7000,1486.8,Cheque
VPSD12627,19-12-2022,13000,13000,2340,Online
VLAS12544,31-08-2019,10030,8500,1805.4,Cheque
VMBD12533,28-08-2019,15340,6780,2761.2,Cheque
VMBD12533,20-09-2019,15340,7340,2761.2,Cheque 
VTBM12691,27-02-2020,5000,5000,900,Cheque
VDNS12418,02-01-2020,29500,15000,5310,Cheque
VDNS12418,14-02-2020,29500,15500,5310,Cheque
VDNS12418,02-01-2020,29500,15000,5310,Cheque
VANM12328,21-03-2020,11800,11800,2124,Cheque
VSCV12670,24-05-2019,8850,8850,1593,Cheque
VTAA12677,01-10-2022,14160,12000,2548.8,cheque
VDCR12412,30-12-2022,6000,6000,1080,Online
VSAP12652,22-09-2023,8000,8000,1440,Cheque
VDNV12419,19-03-2020,5000,5000,900,Cheque
VHAP12422,05-04-2023,10000,10000,1800,Cheque
WCNM12728,28-01-2020,17700,15000,3186,Cheque
WCNM12728,28-01-2020,17700,15000,3186,Cheque
WTNR12786,02-08-2019,8000,6780,1440,Cheque
WBBD12710,27-07-2019,10000,8475,1800,Cheque
WWNG12762,19-05-2022,11800,11800,2124,Online
WOCG12770,18-09-2019,17700,17700,3186,Cheque 
WMND12746,29-09-2020,5000,4237,900,Cheque
WTNP12785,14-11-2019,5000,5000,900,Cheque
WTNP12785,14-11-2019,5000,5000,900,Cheque
WTNP12785,14-11-2019,5000,5000,900,Cheque
WWAP12788,15-09-2023,15000,15000,2700,Cash
WTBD12784,15-04-2019,10000,5000,1800,Cheque
WTBD12784,15-05-2019,10000,10000,1800,Cheque
WBNJ12714,05-10-2019,5000,5000,900,Cheque  
XBBD12792,28-08-2019,9000,7627,1620,Cheque
YEBD12835,21-06-2022,22000,22000,3960,Cash
YHBP12843,23-01-2023,10000,10000,1800,Cheque
YNND12857,13-07-2022,5000,5000,900,Online
YDCG12830,20-09-2019,9440,9440,1699.2,Cheque 
YDCG12830,28-08-2019,9440,8000,1699.2,Cheque
YTNR12884,28-06-2019,5500,5500,990,Cash
YCNS12826,15-02-2020,11800,11800,2124,Cheque
YTBD12881,03-09-2022,11000,11000,1980,Online
ZECV12900,15-06-2023,10000,10000,1800,Cheque
ZTNS12932,29-11-2019,25016,25016,4502.88,Cheque 
ZTNS12932,29-11-2019,25016,25016,4502.88,Cheque
ZTNS12932,29-11-2019,25016,25016,4502.88,Cheque
ZCCR12896,15-12-2022,17700,15000,3186,cheque
ZSBP12927,30-01-2023,10000,5000,1800,Cheque
ZSAS12924,29-05-2019,16000,16000,2880,Cheque
ZRNP12923,12-03-2020,16350,13856,2943,Cheque
ZSNS12930,21-02-2020,14160,9900,2548.8,Cash
ZHNM12910,07-03-2021,17700,17700,3186,Online 
ZBNG12891,12-04-2023,5000,5000,900,Online
